id,split
8030,train
8423,train
3422,train
7841,train
4465,train
7973,train
8138,train
412,train
2283,train
2926,train
4923,train
7009,train
2025,train
5955,train
2562,train
4308,train
1630,train
6477,train
8991,train
8459,train
9610,train
2212,train
9215,train
20,train
9791,train
7339,train
1857,train
5918,train
6493,train
8898,train
3040,train
4567,train
79,train
494,train
2190,train
4938,train
5243,train
9781,train
5968,train
9851,train
2008,train
2905,train
5261,train
4757,train
9132,train
8872,train
4396,train
3883,train
473,train
7637,train
809,train
2162,train
832,train
1955,train
469,train
2216,train
1726,train
4812,train
6134,train
1622,train
5862,train
9935,train
7122,train
4702,train
2064,train
2065,train
5134,train
6148,train
8857,train
1437,train
9927,train
8953,train
8892,train
6090,train
4098,train
4448,train
5786,train
8211,train
1898,train
1861,train
7365,train
8537,train
2116,train
6106,train
1619,train
9195,train
4220,train
956,train
4792,train
6647,train
4102,train
822,train
983,train
4841,train
8467,train
387,train
5917,train
1817,train
9882,train
5645,train
7551,train
7280,train
6767,train
9714,train
6207,train
5700,train
7272,train
9181,train
6923,train
4755,train
7937,train
2468,train
6300,train
4368,train
126,train
2522,train
4251,train
2434,train
2077,train
8750,train
813,train
8718,train
9363,train
7929,train
3534,train
5948,train
7685,train
4029,train
1147,train
9535,train
3932,train
5861,train
8522,train
217,train
9963,train
8475,train
5759,train
6624,train
3876,train
8496,train
9314,train
8926,train
4794,train
1765,train
3458,train
2316,train
9017,train
6677,train
3870,train
1184,train
8129,train
1533,train
8675,train
2738,train
7590,train
6152,train
627,train
6577,train
8483,train
9148,train
9138,train
73,train
1321,train
8575,train
5094,train
8628,train
6975,train
5469,train
1840,train
5283,train
3062,train
8921,train
5205,train
5113,train
2452,train
7019,train
1005,train
8133,train
7166,train
9883,train
4629,train
300,train
4822,train
3766,train
1695,train
9384,train
5557,train
3681,train
687,train
5931,train
2974,train
8593,train
8598,train
3116,train
1067,train
569,train
7100,train
3557,train
2393,train
6864,train
3160,train
2021,train
2044,train
9983,train
3539,train
8227,train
5182,train
9425,train
1851,train
9733,train
1665,train
3297,train
1547,train
1056,train
3355,train
9608,train
9105,train
9536,train
577,train
1681,train
4583,train
248,train
6059,train
3108,train
8744,train
1121,train
5970,train
5624,train
7840,train
8416,train
1130,train
2733,train
252,train
1164,train
3969,train
1396,train
9374,train
8313,train
8178,train
9309,train
2088,train
6641,train
994,train
4309,train
3012,train
1152,train
1160,train
4154,train
5525,train
7441,train
3929,train
9281,train
8300,train
4906,train
3952,train
2768,train
9929,train
8620,train
2505,train
3839,train
9188,train
4671,train
4353,train
1083,train
3069,train
2762,train
3407,train
9616,train
9486,train
769,train
5801,train
3244,train
9273,train
3861,train
7213,train
4801,train
8,train
2821,train
3592,train
9200,train
1377,train
8210,train
9632,train
396,train
7659,train
7719,train
8413,train
2171,train
7532,train
9437,train
1477,train
8932,train
2109,train
3097,train
9689,train
4970,train
3979,train
6809,train
7443,train
6188,train
2947,train
5666,train
55,train
3975,train
1289,train
9557,train
8948,train
948,train
2002,train
8007,train
642,train
930,train
9814,train
8886,train
2989,train
7608,train
1586,train
5464,train
7034,train
1114,train
6772,train
1798,train
9080,train
9826,train
4207,train
8448,train
3605,train
1462,train
75,train
9438,train
5064,train
9625,train
8949,train
1463,train
2001,train
5175,train
876,train
2352,train
4005,train
2473,train
7252,train
2024,train
1663,train
614,train
799,train
4694,train
3447,train
9674,train
298,train
8888,train
3271,train
6761,train
808,train
8089,train
5843,train
4681,train
2846,train
7245,train
1865,train
8277,train
7862,train
9704,train
2653,train
3795,train
8083,train
7437,train
4603,train
9922,train
1096,train
9236,train
1097,train
3759,train
3421,train
1057,train
2112,train
3227,train
6529,train
9698,train
7493,train
8117,train
5899,train
4754,train
7557,train
3506,train
1123,train
6178,train
1659,train
4893,train
5438,train
7391,train
846,train
5213,train
9247,train
6621,train
9784,train
1694,train
5471,train
1529,train
1471,train
7189,train
149,train
7462,train
1344,train
3031,train
1654,train
5969,train
4589,train
1980,train
4847,train
9737,train
2386,train
4898,train
878,train
2126,train
4498,train
6852,train
4451,train
678,train
7104,train
5219,train
8777,train
9765,train
4708,train
7810,train
2674,train
918,train
8269,train
7517,train
9510,train
7099,train
5961,train
8540,train
9646,train
5536,train
617,train
2066,train
4304,train
2355,train
6039,train
3483,train
357,train
1153,train
9094,train
166,train
1210,train
6800,train
1319,train
2253,train
3848,train
8222,train
6508,train
6478,train
2892,train
2910,train
3559,train
6485,train
5625,train
3711,train
7726,train
4730,train
4827,train
9568,train
6022,train
3211,train
7478,train
4696,train
1562,train
6834,train
4020,train
4169,train
4759,train
2046,train
8633,train
2934,train
4144,train
6029,train
764,train
1304,train
3088,train
8731,train
7479,train
3764,train
4894,train
3964,train
2097,train
4584,train
5370,train
9629,train
2797,train
9140,train
5107,train
306,train
3857,train
8623,train
635,train
3568,train
3190,train
2456,train
4044,train
6564,train
3328,train
4826,train
8691,train
4241,train
6466,train
837,train
1795,train
7293,train
3572,train
1379,train
9023,train
576,train
9564,train
6863,train
1976,train
9938,train
8046,train
7566,train
8380,train
294,train
9336,train
5426,train
9770,train
3997,train
6391,train
5069,train
5068,train
2872,train
1762,train
225,train
6356,train
4510,train
8376,train
5240,train
5127,train
4133,train
8721,train
356,train
5721,train
5448,train
285,train
2389,train
6576,train
5832,train
8309,train
1320,train
6139,train
2451,train
1722,train
5628,train
8158,train
5556,train
4492,train
3802,train
5913,train
8695,train
6936,train
9237,train
798,train
9165,train
6705,train
774,train
3411,train
4177,train
5881,train
2580,train
1733,train
9643,train
881,train
807,train
2789,train
2831,train
5155,train
9801,train
711,train
329,train
5274,train
2261,train
2558,train
8323,train
7205,train
2344,train
7423,train
5952,train
6947,train
7348,train
3148,train
4107,train
5128,train
8455,train
105,train
4393,train
8273,train
4472,train
6531,train
8476,train
1852,train
3622,train
9671,train
8615,train
9989,train
3538,train
5148,train
5231,train
6819,train
4100,train
7258,train
941,train
2327,train
6712,train
6678,train
1474,train
5744,train
4773,train
7200,train
7689,train
9743,train
3111,train
894,train
7261,train
6733,train
5191,train
4467,train
3818,train
1928,train
4668,train
8216,train
2999,train
44,train
4595,train
3311,train
72,train
7112,train
1313,train
1062,train
3115,train
8194,train
321,train
276,train
4459,train
3529,train
1346,train
9031,train
7757,train
2697,train
4611,train
8877,train
7770,train
345,train
4024,train
9602,train
4330,train
9102,train
370,train
4476,train
4209,train
943,train
2017,train
9032,train
185,train
704,train
9049,train
8236,train
2196,train
4937,train
4065,train
5505,train
1292,train
5007,train
3794,train
6018,train
8611,train
2218,train
9458,train
1766,train
689,train
5281,train
6101,train
8342,train
754,train
996,train
6481,train
4522,train
4701,train
3317,train
3844,train
7115,train
2536,train
5637,train
1721,train
30,train
5013,train
7638,train
2595,train
9502,train
8626,train
2178,train
2886,train
4232,train
2458,train
5991,train
7932,train
7888,train
4948,train
2229,train
731,train
5489,train
8015,train
2900,train
3374,train
9624,train
7708,train
567,train
1105,train
1806,train
3065,train
2800,train
8559,train
3467,train
1201,train
4781,train
2937,train
4104,train
6076,train
2997,train
6602,train
9205,train
6153,train
6442,train
4287,train
9405,train
2913,train
2783,train
3099,train
1594,train
7680,train
8400,train
1165,train
5296,train
47,train
5595,train
9979,train
7012,train
6891,train
488,train
3588,train
3337,train
7735,train
8418,train
3380,train
2786,train
178,train
5227,train
8524,train
8437,train
7287,train
2239,train
8889,train
4979,train
1102,train
7506,train
3376,train
6205,train
2620,train
3872,train
5207,train
5999,train
2701,train
1278,train
6455,train
4928,train
9078,train
5796,train
2547,train
1573,train
407,train
1382,train
6841,train
4427,train
8993,train
5262,train
753,train
7911,train
2454,train
168,train
3767,train
9220,train
3841,train
2512,train
3656,train
7954,train
3478,train
2479,train
6657,train
2263,train
6673,train
2656,train
5738,train
8861,train
1315,train
8486,train
8583,train
5303,train
1599,train
4908,train
7749,train
381,train
7799,train
9322,train
2082,train
6423,train
1334,train
1125,train
863,train
9901,train
9329,train
4124,train
8461,train
7863,train
4927,train
4150,train
8740,train
455,train
2950,train
2829,train
791,train
3615,train
9961,train
8157,train
5783,train
2483,train
2902,train
9397,train
87,train
173,train
4865,train
4063,train
8444,train
1702,train
4819,train
9522,train
1763,train
3508,train
6616,train
7802,train
1363,train
5781,train
6732,train
1044,train
8700,train
1758,train
3390,train
6389,train
8828,train
8317,train
4180,train
4512,train
6746,train
3945,train
6233,train
3734,train
5000,train
655,train
9524,train
2023,train
93,train
6119,train
8745,train
1728,train
8525,train
2466,train
48,train
5522,train
9356,train
5907,train
7292,train
4947,train
8116,train
9439,train
3630,train
512,train
8012,train
3336,train
8290,train
875,train
6691,train
3989,train
4206,train
3032,train
9650,train
9680,train
5199,train
6282,train
2516,train
5468,train
4460,train
9822,train
8122,train
5734,train
5658,train
7830,train
319,train
4321,train
4789,train
9832,train
1640,train
9676,train
3629,train
965,train
5804,train
5490,train
4032,train
2357,train
328,train
4732,train
5823,train
121,train
1689,train
7655,train
9647,train
7024,train
1350,train
7856,train
1900,train
144,train
9318,train
9174,train
6904,train
4692,train
6158,train
7128,train
2465,train
1128,train
4264,train
2818,train
1318,train
4742,train
2615,train
4905,train
200,train
3510,train
3471,train
5110,train
5598,train
5473,train
6755,train
4517,train
1692,train
3888,train
2370,train
4617,train
9710,train
3722,train
3203,train
2626,train
861,train
3083,train
293,train
9917,train
8590,train
5408,train
2764,train
9634,train
7467,train
9512,train
2417,train
5027,train
9659,train
8580,train
5111,train
4964,train
565,train
8996,train
6871,train
1228,train
1359,train
7678,train
5611,train
3141,train
7769,train
7288,train
4652,train
4310,train
5271,train
6905,train
8422,train
5887,train
5016,train
2718,train
8963,train
8591,train
8800,train
1750,train
1752,train
3168,train
5748,train
2184,train
2546,train
7299,train
6792,train
4234,train
2280,train
9578,train
5994,train
316,train
3580,train
8371,train
1434,train
6297,train
67,train
3103,train
6362,train
7572,train
8781,train
7486,train
206,train
8021,train
2068,train
5943,train
8822,train
584,train
2597,train
1043,train
6821,train
9618,train
3204,train
6251,train
9965,train
4495,train
3481,train
8152,train
2232,train
8106,train
1813,train
6336,train
784,train
6911,train
3996,train
3788,train
5982,train
3667,train
2978,train
1086,train
4335,train
1424,train
4259,train
148,train
4410,train
43,train
153,train
3536,train
6141,train
8042,train
3077,train
8107,train
4710,train
2450,train
8240,train
188,train
9038,train
6337,train
7407,train
8535,train
7804,train
6087,train
7295,train
8764,train
4015,train
8928,train
317,train
4362,train
1745,train
4479,train
9416,train
8251,train
8725,train
9286,train
7763,train
5061,train
2550,train
553,train
9166,train
2662,train
7468,train
9223,train
6093,train
6420,train
7992,train
1757,train
6314,train
9944,train
5070,train
2890,train
8756,train
1982,train
4231,train
7601,train
5857,train
9261,train
2682,train
2395,train
5550,train
9818,train
2857,train
8472,train
3312,train
5511,train
5715,train
7988,train
7542,train
2533,train
1189,train
2788,train
4544,train
9115,train
4808,train
4373,train
4806,train
8699,train
598,train
2258,train
7933,train
7148,train
4591,train
5397,train
9423,train
6437,train
2917,train
4000,train
5542,train
4211,train
5221,train
2590,train
9692,train
9528,train
4269,train
2568,train
9352,train
1824,train
3703,train
2860,train
6635,train
7473,train
5504,train
2548,train
1713,train
2883,train
8059,train
1263,train
3511,train
9958,train
2983,train
3840,train
1877,train
587,train
2209,train
5255,train
4907,train
4504,train
4657,train
8307,train
8056,train
8782,train
1380,train
101,train
5837,train
810,train
9542,train
5441,train
4932,train
1270,train
3357,train
839,train
9840,train
3892,train
4455,train
8913,train
5863,train
8910,train
3163,train
6373,train
3033,train
2039,train
5518,train
5757,train
7363,train
8082,train
9124,train
8843,train
8355,train
8630,train
9067,train
9217,train
6461,train
8929,train
4726,train
4612,train
6952,train
2214,train
9955,train
7814,train
9392,train
9531,train
8054,train
4529,train
8794,train
1902,train
8405,train
5245,train
9259,train
5702,train
4212,train
6935,train
9005,train
9245,train
2734,train
8608,train
3986,train
1499,train
6879,train
2498,train
6488,train
2296,train
8076,train
6116,train
186,train
8837,train
5508,train
9808,train
9383,train
8195,train
3566,train
1331,train
9998,train
7812,train
2177,train
2322,train
8768,train
3591,train
7817,train
2607,train
3479,train
6634,train
1358,train
2502,train
9664,train
7249,train
4592,train
6498,train
342,train
8428,train
2054,train
818,train
5352,train
7977,train
984,train
2971,train
6375,train
1085,train
3754,train
324,train
4317,train
4311,train
7274,train
3371,train
3274,train
9584,train
937,train
5051,train
1747,train
9787,train
5180,train
5481,train
5708,train
4072,train
2780,train
2067,train
8688,train
8041,train
2154,train
6182,train
6619,train
7755,train
6679,train
7625,train
9153,train
86,train
3201,train
7915,train
7416,train
8100,train
9232,train
3426,train
3893,train
4377,train
3119,train
8692,train
9751,train
785,train
8134,train
7065,train
155,train
1993,train
2557,train
1788,train
653,train
5916,train
5396,train
9520,train
7998,train
7450,train
1755,train
1140,train
564,train
5350,train
6749,train
5204,train
2579,train
3491,train
5232,train
4443,train
3186,train
1540,train
4360,train
5689,train
4640,train
8500,train
8266,train
5891,train
2969,train
6045,train
6407,train
9461,train
5607,train
5242,train
1886,train
340,train
831,train
7256,train
1906,train
7404,train
9622,train
7556,train
2614,train
4165,train
2490,train
7018,train
2102,train
4356,train
8301,train
2727,train
7944,train
6740,train
1820,train
3022,train
9347,train
9600,train
9693,train
7967,train
9047,train
9415,train
7641,train
8685,train
6302,train
9039,train
7630,train
7847,train
8659,train
2061,train
7226,train
156,train
4295,train
3445,train
3067,train
5877,train
5726,train
9945,train
8619,train
8514,train
6745,train
8884,train
3902,train
8284,train
7607,train
2703,train
6011,train
8641,train
7728,train
6661,train
4604,train
7765,train
9134,train
804,train
250,train
2438,train
2349,train
6524,train
2012,train
929,train
3880,train
6625,train
1464,train
3413,train
9485,train
6708,train
8447,train
872,train
1470,train
3091,train
7466,train
6118,train
7644,train
1892,train
4319,train
8053,train
6758,train
7489,train
2427,train
6465,train
6097,train
1146,train
9837,train
1587,train
6034,train
5659,train
2358,train
802,train
8733,train
4831,train
7920,train
9206,train
1484,train
3036,train
3564,train
6990,train
7662,train
4333,train
1405,train
4203,train
4582,train
7376,train
9311,train
7385,train
8090,train
1609,train
3338,train
8069,train
4366,train
1809,train
9304,train
7687,train
8530,train
561,train
9802,train
6221,train
7430,train
1213,train
9226,train
3563,train
9407,train
1675,train
4729,train
777,train
9065,train
3144,train
1134,train
3096,train
3131,train
740,train
755,train
5706,train
3323,train
6304,train
7210,train
4930,train
9385,train
9640,train
644,train
8361,train
9530,train
862,train
8086,train
6129,train
9203,train
1326,train
7102,train
4689,train
4249,train
7238,train
4487,train
4228,train
9180,train
6953,train
1773,train
3339,train
634,train
5311,train
9136,train
3769,train
4828,train
2378,train
369,train
5429,train
4078,train
9681,train
8711,train
5939,train
5194,train
6015,train
859,train
3994,train
1442,train
9740,train
5200,train
8474,train
6805,train
6284,train
8425,train
205,train
3939,train
7072,train
327,train
4383,train
9537,train
7595,train
4959,train
1373,train
7118,train
5402,train
2273,train
3634,train
1901,train
9275,train
9554,train
6464,train
7613,train
3602,train
2862,train
8808,train
3665,train
8249,train
9381,train
4166,train
2449,train
8488,train
3644,train
2739,train
4288,train
9230,train
6707,train
4046,train
4713,train
5717,train
223,train
7109,train
6275,train
4844,train
6298,train
3316,train
7882,train
7674,train
8265,train
6684,train
2424,train
1785,train
1974,train
2338,train
1844,train
4619,train
5957,train
8955,train
7620,train
645,train
3758,train
4897,train
4336,train
423,train
4261,train
1602,train
7753,train
8592,train
3114,train
4190,train
6884,train
9771,train
6874,train
1158,train
1199,train
7419,train
4931,train
4637,train
7514,train
6151,train
4707,train
855,train
4480,train
6967,train
4817,train
1077,train
7147,train
8734,train
8103,train
4238,train
4556,train
5346,train
8481,train
7702,train
6258,train
3054,train
6269,train
5036,train
8755,train
1055,train
1601,train
3377,train
3695,train
9324,train
5691,train
414,train
5750,train
6064,train
3174,train
3238,train
9909,train
2844,train
3475,train
3021,train
3549,train
4454,train
9370,train
3404,train
5477,train
5363,train
6010,train
1509,train
1472,train
7389,train
7694,train
4802,train
6236,train
3647,train
9444,train
2056,train
1833,train
6878,train
5962,train
4863,train
8176,train
2402,train
2129,train
8846,train
6168,train
4609,train
4540,train
1821,train
8173,train
7485,train
1233,train
1258,train
2572,train
8896,train
5627,train
8345,train
796,train
5494,train
6322,train
7415,train
3155,train
6534,train
8096,train
1682,train
9071,train
765,train
7291,train
6916,train
9738,train
1684,train
2094,train
6208,train
8397,train
934,train
821,train
2079,train
3736,train
2880,train
3991,train
581,train
1120,train
2459,train
1889,train
1618,train
7836,train
6065,train
5766,train
1706,train
2642,train
3414,train
4691,train
6768,train
5636,train
9183,train
9002,train
7650,train
3444,train
7359,train
2165,train
475,train
2277,train
6224,train
378,train
1923,train
2133,train
2830,train
3623,train
4240,train
2543,train
9934,train
9386,train
1511,train
1790,train
4080,train
2832,train
179,train
1255,train
5050,train
2554,train
7068,train
2963,train
7239,train
7553,train
684,train
9717,train
5079,train
4566,train
8743,train
8372,train
5379,train
7895,train
6560,train
4533,train
3567,train
305,train
1801,train
5206,train
4997,train
243,train
7762,train
7454,train
6717,train
6068,train
4912,train
7979,train
4268,train
9626,train
6502,train
7206,train
4354,train
4527,train
3431,train
2361,train
2707,train
1489,train
5126,train
2705,train
1421,train
7076,train
1291,train
6968,train
556,train
1457,train
828,train
7575,train
6079,train
2841,train
9990,train
3329,train
8333,train
9533,train
5608,train
6459,train
8967,train
3008,train
6077,train
4423,train
8417,train
5761,train
3105,train
6428,train
6934,train
2191,train
4878,train
590,train
5903,train
3959,train
3330,train
3745,train
4239,train
1100,train
7041,train
4127,train
6895,train
6813,train
7691,train
9326,train
4253,train
7521,train
6246,train
62,train
8212,train
246,train
2411,train
5665,train
7145,train
1224,train
7132,train
2235,train
2677,train
5649,train
6994,train
9673,train
6639,train
7253,train
6762,train
9703,train
6718,train
3463,train
3662,train
9043,train
5103,train
1727,train
8565,train
9679,train
9040,train
2364,train
5652,train
104,train
6961,train
8621,train
7369,train
3320,train
8203,train
2748,train
5163,train
5736,train
9073,train
732,train
6377,train
3074,train
9340,train
7424,train
6785,train
742,train
9973,train
6432,train
5828,train
9588,train
5977,train
3489,train
7628,train
2368,train
2412,train
2047,train
9109,train
2069,train
968,train
7642,train
4838,train
7623,train
331,train
5279,train
1247,train
4662,train
5758,train
4555,train
9587,train
33,train
2262,train
1767,train
7692,train
1242,train
3988,train
1620,train
2156,train
7639,train
5059,train
1284,train
8367,train
5208,train
5897,train
7136,train
7565,train
1566,train
226,train
3790,train
3742,train
4363,train
7790,train
4033,train
715,train
1023,train
8560,train
2139,train
4559,train
5565,train
1392,train
447,train
8634,train
9216,train
6846,train
7796,train
3527,train
7271,train
867,train
8789,train
7117,train
8407,train
3600,train
735,train
6798,train
2921,train
1734,train
4672,train
2777,train
5238,train
1240,train
903,train
7963,train
8280,train
2350,train
7296,train
5338,train
8045,train
376,train
2293,train
8365,train
4090,train
3826,train
6823,train
3488,train
1984,train
7635,train
5118,train
7257,train
3398,train
6440,train
8401,train
9371,train
3029,train
9221,train
5447,train
511,train
3283,train
6234,train
6683,train
7332,train
9977,train
2843,train
9242,train
3807,train
244,train
1127,train
2072,train
9269,train
9280,train
8607,train
670,train
2042,train
7727,train
3415,train
7411,train
3836,train
1850,train
4159,train
208,train
2694,train
8224,train
8383,train
4236,train
4741,train
4994,train
7609,train
7406,train
8226,train
9697,train
5407,train
6648,train
9339,train
609,train
6887,train
4426,train
1703,train
9730,train
6220,train
7633,train
3334,train
6412,train
361,train
6291,train
6009,train
7263,train
5890,train
5749,train
9139,train
6226,train
9665,train
3707,train
6359,train
1925,train
583,train
9732,train
1577,train
9953,train
8023,train
3922,train
641,train
6771,train
6868,train
8051,train
610,train
2099,train
9760,train
4677,train
4141,train
3043,train
672,train
5158,train
6851,train
3910,train
538,train
1973,train
1445,train
9831,train
9762,train
1008,train
4509,train
4250,train
8618,train
9302,train
8102,train
3512,train
6054,train
4074,train
8914,train
852,train
3064,train
8876,train
6418,train
781,train
8557,train
7345,train
7435,train
9164,train
3061,train
1536,train
7013,train
3440,train
4147,train
1065,train
3259,train
3761,train
6047,train
6516,train
6592,train
3023,train
9816,train
1287,train
1646,train
2380,train
7222,train
4110,train
9635,train
452,train
7278,train
6446,train
15,train
9202,train
9191,train
5752,train
8442,train
9098,train
8804,train
1769,train
1854,train
6245,train
6495,train
7537,train
7859,train
4630,train
911,train
6877,train
2873,train
3464,train
9440,train
4341,train
6046,train
7180,train
5865,train
1079,train
8686,train
4047,train
5383,train
8034,train
5099,train
2091,train
4155,train
3598,train
7890,train
5788,train
7525,train
6685,train
6084,train
284,train
2587,train
9260,train
1362,train
4872,train
1389,train
5587,train
8061,train
5005,train
5145,train
1211,train
9317,train
3410,train
3553,train
6171,train
3866,train
66,train
4438,train
3453,train
7995,train
8790,train
8141,train
1501,train
2430,train
4573,train
7087,train
7573,train
2469,train
9724,train
889,train
9246,train
5674,train
1104,train
9606,train
8960,train
1330,train
444,train
4940,train
433,train
8714,train
5294,train
9830,train
3015,train
7771,train
8001,train
7052,train
2624,train
7654,train
1800,train
6279,train
1556,train
2809,train
3943,train
4343,train
8779,train
5699,train
7712,train
7178,train
6545,train
5629,train
446,train
5381,train
9499,train
3725,train
7611,train
6112,train
5308,train
1345,train
2514,train
2759,train
6016,train
1808,train
1332,train
779,train
8066,train
613,train
427,train
5104,train
4599,train
4988,train
8698,train
7232,train
8395,train
6597,train
9376,train
790,train
5100,train
8334,train
2720,train
5653,train
2923,train
1701,train
7747,train
4616,train
9954,train
4834,train
3584,train
6124,train
5635,train
3701,train
2779,train
7706,train
4786,train
2845,train
1990,train
5377,train
9495,train
4071,train
3416,train
7846,train
5333,train
510,train
6332,train
1876,train
3671,train
195,train
2879,train
8647,train
3977,train
9435,train
9517,train
671,train
7758,train
3315,train
337,train
5980,train
4645,train
8185,train
2297,train
3368,train
5203,train
5445,train
3167,train
1899,train
8578,train
6922,train
3477,train
1265,train
3752,train
4246,train
2852,train
1466,train
1280,train
4128,train
5603,train
5839,train
2360,train
3199,train
921,train
4752,train
8507,train
1960,train
5278,train
4961,train
4338,train
3960,train
9845,train
9075,train
9779,train
2376,train
8609,train
6681,train
3181,train
4552,train
2665,train
4900,train
4028,train
632,train
2878,train
3552,train
3908,train
7048,train
4345,train
607,train
8645,train
1249,train
158,train
7,train
1799,train
997,train
597,train
592,train
549,train
4536,train
7580,train
4380,train
291,train
6806,train
6629,train
7398,train
618,train
2474,train
2096,train
3235,train
3573,train
9062,train
5672,train
4267,train
5251,train
5621,train
2646,train
4835,train
8797,train
558,train
805,train
9450,train
6340,train
1772,train
1710,train
6741,train
5115,train
5376,train
5892,train
3696,train
3322,train
76,train
7583,train
1234,train
3501,train
1504,train
313,train
8104,train
763,train
877,train
8811,train
5856,train
7161,train
4723,train
7110,train
8976,train
961,train
4284,train
516,train
4235,train
7737,train
6828,train
8144,train
4703,train
1578,train
6789,train
1842,train
8099,train
9380,train
8257,train
7571,train
6614,train
3298,train
6115,train
8204,train
5610,train
2410,train
6940,train
1742,train
4519,train
3225,train
9159,train
8858,train
3078,train
2915,train
2226,train
2034,train
2159,train
1195,train
599,train
8965,train
3240,train
2391,train
7597,train
3570,train
6589,train
7549,train
2737,train
1428,train
1494,train
3649,train
7318,train
4508,train
5615,train
2812,train
8058,train
1832,train
8854,train
5648,train
1406,train
1904,train
2500,train
9436,train
2638,train
6555,train
5812,train
6503,train
4649,train
5226,train
483,train
8566,train
8943,train
7074,train
9343,train
7262,train
5755,train
1275,train
6579,train
7219,train
8816,train
8574,train
6434,train
9490,train
7364,train
2805,train
6392,train
2925,train
6272,train
6540,train
7254,train
772,train
6825,train
7484,train
3806,train
2887,train
3142,train
3166,train
2851,train
9029,train
2837,train
7000,train
723,train
6324,train
1864,train
3041,train
8891,train
5638,train
2700,train
4777,train
9224,train
4437,train
307,train
4217,train
9964,train
919,train
7316,train
5576,train
3387,train
69,train
8123,train
5704,train
7259,train
3124,train
8739,train
7010,train
9736,train
5154,train
1064,train
3793,train
9504,train
8287,train
7351,train
3675,train
2874,train
5160,train
7201,train
7600,train
154,train
3574,train
2365,train
8715,train
1895,train
998,train
8838,train
9721,train
9862,train
6969,train
7990,train
9514,train
1572,train
6267,train
383,train
2527,train
2362,train
3691,train
8275,train
343,train
6655,train
3092,train
7491,train
8454,train
1352,train
3106,train
9064,train
8480,train
4103,train
3715,train
2342,train
1227,train
6654,train
9018,train
3962,train
3970,train
3051,train
8426,train
2160,train
7045,train
2933,train
2308,train
1188,train
3911,train
5356,train
2086,train
9798,train
2509,train
8788,train
9570,train
3261,train
6472,train
3843,train
2398,train
2354,train
2241,train
504,train
1013,train
4489,train
6002,train
3366,train
3582,train
2746,train
7791,train
4909,train
3823,train
7370,train
7800,train
6709,train
9061,train
3042,train
6026,train
221,train
2555,train
8697,train
2747,train
8296,train
5297,train
2865,train
6281,train
4214,train
1853,train
688,train
4222,train
7139,train
3197,train
4276,train
405,train
6664,train
9069,train
5509,train
8968,train
5277,train
6865,train
6289,train
8610,train
4123,train
4656,train
2970,train
1277,train
4643,train
3784,train
2949,train
7471,train
4067,train
9844,train
3778,train
5683,train
926,train
8652,train
1333,train
1388,train
9767,train
6894,train
2593,train
7453,train
4840,train
2605,train
1325,train
7469,train
3610,train
1873,train
8551,train
9685,train
830,train
9493,train
989,train
9145,train
5382,train
8829,train
7584,train
6982,train
7739,train
1828,train
3495,train
9360,train
6802,train
6587,train
3516,train
7113,train
7241,train
9663,train
277,train
1229,train
7930,train
4966,train
7030,train
2598,train
2651,train
6209,train
656,train
4634,train
3940,train
1036,train
8189,train
9141,train
241,train
1073,train
5561,train
3819,train
2348,train
8708,train
2236,train
9763,train
6401,train
3556,train
9571,train
7528,train
4785,train
2919,train
2599,train
3403,train
738,train
5162,train
8036,train
4803,train
2128,train
5197,train
3159,train
3102,train
601,train
5173,train
6820,train
4674,train
6333,train
1741,train
2835,train
9030,train
14,train
8349,train
6885,train
8110,train
8109,train
4518,train
9911,train
1628,train
4585,train
1269,train
537,train
2757,train
9806,train
5547,train
5692,train
1530,train
5809,train
8493,train
8972,train
5633,train
5805,train
35,train
7301,train
3019,train
416,train
5321,train
2643,train
1661,train
1338,train
1836,train
5954,train
6742,train
7163,train
191,train
9563,train
4778,train
1467,train
4244,train
6344,train
5304,train
4391,train
7740,train
4227,train
3284,train
6910,train
8456,train
6036,train
5359,train
8201,train
869,train
9320,train
5733,train
8833,train
5964,train
5403,train
3,train
2195,train
2375,train
2423,train
7481,train
5920,train
6829,train
2588,train
9694,train
2503,train
604,train
4670,train
4035,train
3193,train
1945,train
5754,train
9257,train
9087,train
9863,train
3364,train
8154,train
4635,train
4413,train
7002,train
737,train
2519,train
7014,train
2371,train
4115,train
8369,train
3391,train
2690,train
8451,train
1294,train
6669,train
9179,train
714,train
5228,train
9266,train
1285,train
1612,train
3558,train
3100,train
7576,train
7153,train
5166,train
7618,train
8120,train
1274,train
1473,train
9544,train
7999,train
4800,train
4727,train
229,train
5515,train
9410,train
6907,train
9270,train
2953,train
2842,train
5908,train
3913,train
3302,train
4748,train
6554,train
1912,train
1450,train
3741,train
640,train
358,train
2198,train
693,train
8037,train
1173,train
3121,train
6812,train
5063,train
5026,train
3176,train
2709,train
2366,train
4787,train
3153,train
8080,train
3748,train
3550,train
3262,train
3581,train
5466,train
3503,train
8050,train
2632,train
4784,train
2629,train
2617,train
2210,train
9804,train
2604,train
4397,train
5235,train
9540,train
6763,train
1580,train
1496,train
6991,train
8243,train
6556,train
591,train
9160,train
1139,train
3755,train
4537,train
5769,train
4766,train
7221,train
3898,train
5337,train
9875,train
8831,train
5978,train
2750,train
550,train
2285,train
9400,train
2622,train
5400,train
6156,train
8933,train
7133,train
3273,train
8360,train
6342,train
2227,train
8463,train
7056,train
8031,train
3493,train
4445,train
2854,train
1060,train
7412,train
6962,train
1348,train
5591,train
91,train
6774,train
5371,train
8225,train
5092,train
3282,train
2640,train
5507,train
1863,train
8544,train
4839,train
9455,train
1787,train
6060,train
391,train
1582,train
7606,train
268,train
758,train
1430,train
7111,train
5663,train
5035,train
1399,train
3772,train
7026,train
7119,train
1151,train
7103,train
8552,train
6361,train
691,train
5555,train
8095,train
3522,train
1478,train
3236,train
4280,train
9777,train
2467,train
3899,train
5723,train
424,train
3085,train
2463,train
5725,train
6191,train
1410,train
6491,train
3014,train
9398,train
3140,train
1212,train
2813,train
9313,train
8901,train
8506,train
8006,train
9503,train
5487,train
6185,train
5328,train
7594,train
1339,train
187,train
6325,train
6993,train
7196,train
6782,train
6971,train
5088,train
9070,train
315,train
4570,train
2356,train
5017,train
9293,train
4620,train
1862,train
3093,train
7788,train
922,train
4468,train
5854,train
8430,train
745,train
3854,train
2005,train
1502,train
9678,train
6028,train
7518,train
9282,train
5526,train
8197,train
496,train
1490,train
9754,train
5866,train
2406,train
8327,train
2929,train
2958,train
6642,train
4126,train
2962,train
2810,train
6031,train
7309,train
1590,train
1667,train
81,train
744,train
4069,train
3555,train
6725,train
5112,train
1995,train
8512,train
3039,train
8553,train
1634,train
1966,train
1238,train
5430,train
4191,train
34,train
4667,train
1443,train
7603,train
9552,train
3524,train
3812,train
3226,train
7350,train
8542,train
4739,train
2185,train
5934,train
9168,train
5260,train
5572,train
2827,train
5456,train
7337,train
7822,train
9748,train
3362,train
6235,train
3753,train
8648,train
392,train
5290,train
9924,train
1455,train
596,train
9375,train
6354,train
898,train
6255,train
2038,train
5284,train
6787,train
451,train
9728,train
2520,train
5632,train
6988,train
9930,train
7084,train
7251,train
7152,train
2228,train
3351,train
6094,train
9870,train
2200,train
1175,train
4999,train
9406,train
9441,train
1779,train
8286,train
9096,train
2118,train
1569,train
9521,train
3723,train
2645,train
129,train
1273,train
37,train
6752,train
7321,train
9229,train
4340,train
5586,train
9434,train
6107,train
3196,train
6014,train
3995,train
1308,train
6121,train
9227,train
2895,train
884,train
128,train
8434,train
1920,train
8689,train
292,train
1398,train
8904,train
2049,train
1091,train
1323,train
2429,train
5095,train
142,train
8847,train
3037,train
3191,train
9429,train
4866,train
9887,train
2059,train
162,train
2828,train
7820,train
6668,train
2766,train
4859,train
95,train
7179,train
8510,train
6608,train
9957,train
4156,train
7433,train
6714,train
8617,train
7695,train
7909,train
800,train
3749,train
7643,train
8127,train
1207,train
9773,train
9660,train
2367,train
3502,train
1129,train
5428,train
6372,train
2206,train
3771,train
404,train
1251,train
7873,train
2311,train
8387,train
1700,train
3500,train
9351,train
6326,train
9855,train
7682,train
2225,train
5941,train
1243,train
8515,train
2551,train
4481,train
1162,train
4981,train
3258,train
7681,train
458,train
540,train
8605,train
8198,train
2916,train
8174,train
1317,train
3215,train
6441,train
1610,train
6739,train
9996,train
1336,train
4782,train
8656,train
262,train
7311,train
8035,train
5176,train
4871,train
5391,train
5688,train
4101,train
529,train
9745,train
9074,train
4068,train
575,train
7564,train
7455,train
2732,train
3532,train
1513,train
3579,train
5187,train
4861,train
4434,train
776,train
5048,train
7038,train
160,train
7861,train
7622,train
7893,train
7905,train
5673,train
4351,train
5724,train
1574,train
8897,train
3800,train
4503,train
9758,train
355,train
6938,train
9193,train
3832,train
9253,train
6882,train
1576,train
7003,train
5480,train
347,train
2723,train
5404,train
649,train
7164,train
7844,train
1226,train
1792,train
3218,train
8241,train
9349,train
7668,train
2256,train
5740,train
5698,train
9424,train
9368,train
5217,train
2668,train
8900,train
9306,train
6358,train
4523,train
1815,train
5159,train
2020,train
9487,train
1135,train
8853,train
1617,train
6543,train
8088,train
3562,train
9972,train
4976,train
408,train
8091,train
6765,train
5567,train
3243,train
9133,train
4542,train
3055,train
8638,train
7884,train
3852,train
5046,train
8684,train
6533,train
3594,train
8215,train
4705,train
650,train
211,train
6161,train
1629,train
1015,train
4842,train
7774,train
3999,train
6351,train
6212,train
4720,train
3590,train
620,train
8274,train
2956,train
2260,train
8848,train
7069,train
9228,train
7191,train
1543,train
1314,train
2115,train
318,train
1300,train
1672,train
368,train
3887,train
1957,train
3220,train
5023,train
2960,train
89,train
5089,train
7667,train
7060,train
7373,train
8902,train
2455,train
5392,train
6460,train
1542,train
7587,train
8073,train
3519,train
3608,train
6559,train
9907,train
3653,train
7524,train
4882,train
8526,train
743,train
5847,train
9044,train
6544,train
2680,train
2201,train
6783,train
8004,train
7705,train
4596,train
5577,train
2045,train
7980,train
5472,train
6960,train
6144,train
7077,train
966,train
464,train
4832,train
8346,train
6944,train
1922,train
8558,train
3073,train
6696,train
2765,train
4856,train
6906,train
22,train
9950,train
4376,train
8521,train
3341,train
8585,train
5705,train
7714,train
7330,train
7912,train
4441,train
9633,train
589,train
9409,train
9805,train
9187,train
4535,train
8492,train
6924,train
4298,train
3757,train
4860,train
4647,train
9432,train
6140,train
8312,train
1141,train
2898,train
9008,train
7877,train
736,train
4433,train
7885,train
8581,train
3728,train
7220,train
1623,train
9599,train
8813,train
1744,train
2938,train
5670,train
9213,train
1512,train
6928,train
865,train
8563,train
1384,train
5660,train
8663,train
2408,train
2388,train
4601,train
2792,train
4530,train
5462,train
4184,train
5316,train
54,train
990,train
2292,train
6210,train
3659,train
5884,train
4646,train
9448,train
7216,train
8260,train
6286,train
9048,train
462,train
4158,train
7855,train
6439,train
8424,train
9473,train
3104,train
2836,train
5482,train
8473,train
3025,train
1666,train
6057,train
7334,train
7225,train
3822,train
9896,train
4539,train
6909,train
1690,train
1565,train
2303,train
3325,train
2864,train
8625,train
6548,train
2781,train
131,train
7869,train
3068,train
5357,train
3813,train
367,train
5470,train
8230,train
3909,train
8971,train
6964,train
2101,train
6113,train
61,train
3716,train
2785,train
1356,train
5361,train
3229,train
6125,train
4023,train
1078,train
602,train
5623,train
8783,train
6528,train
151,train
7838,train
1510,train
1143,train
8796,train
1397,train
3221,train
8332,train
6682,train
1633,train
4546,train
3554,train
282,train
299,train
1244,train
7786,train
2472,train
8871,train
6271,train
4851,train
2036,train
4876,train
8665,train
6263,train
9759,train
5855,train
7347,train
5286,train
4409,train
4322,train
3095,train
1933,train
9210,train
3842,train
709,train
5450,train
1998,train
4039,train
3721,train
7784,train
4896,train
174,train
4578,train
9790,train
2385,train
1374,train
3710,train
8248,train
9344,train
193,train
9708,train
8319,train
484,train
947,train
5785,train
3237,train
2859,train
7405,train
1591,train
8549,train
1560,train
4644,train
7208,train
2633,train
7006,train
2032,train
7697,train
7544,train
1969,train
9817,train
2377,train
4189,train
4290,train
9580,train
3292,train
8880,train
2332,train
2721,train
1014,train
6514,train
2924,train
756,train
2274,train
2808,train
2770,train
4560,train
3299,train
4181,train
386,train
3850,train
4925,train
9262,train
6918,train
3213,train
3128,train
6256,train
214,train
5011,train
264,train
7105,train
7155,train
945,train
9421,train
2222,train
5172,train
847,train
117,train
5614,train
3450,train
2092,train
2911,train
8866,train
6462,train
6280,train
4379,train
4774,train
679,train
5678,train
887,train
8125,train
9378,train
5417,train
2363,train
5312,train
2351,train
5620,train
2877,train
6978,train
9553,train
8569,train
4924,train
5268,train
4700,train
8029,train
8299,train
7442,train
2279,train
2461,train
2906,train
3616,train
2849,train
4791,train
348,train
6215,train
6808,train
379,train
5018,train
5152,train
988,train
2559,train
100,train
8394,train
1516,train
6582,train
190,train
3127,train
6430,train
9488,train
1589,train
5165,train
3425,train
7883,train
6747,train
9390,train
4602,train
265,train
5728,train
98,train
36,train
6328,train
3354,train
6727,train
9525,train
915,train
3648,train
6957,train
6019,train
8019,train
2275,train
4286,train
441,train
4868,train
6532,train
3838,train
4886,train
973,train
8978,train
4933,train
5057,train
3881,train
6091,train
5106,train
1561,train
700,train
6716,train
5001,train
2482,train
8398,train
8378,train
9466,train
2394,train
8278,train
6369,train
2847,train
2833,train
3367,train
7768,train
5718,train
8859,train
9931,train
1395,train
1522,train
4978,train
5981,train
5554,train
4650,train
7914,train
2825,train
3053,train
9918,train
7554,train
7927,train
2839,train
971,train
9083,train
7240,train
2306,train
1943,train
53,train
6512,train
7199,train
3254,train
8409,train
5930,train
6848,train
7874,train
6061,train
1483,train
5387,train
2980,train
360,train
5864,train
8785,train
1537,train
3094,train
2119,train
4375,train
3306,train
925,train
5330,train
7894,train
8460,train
8930,train
4450,train
8863,train
8594,train
453,train
4484,train
4296,train
535,train
257,train
842,train
6912,train
1451,train
6062,train
4256,train
9628,train
280,train
1915,train
9345,train
8017,train
3697,train
8801,train
9289,train
1731,train
1371,train
7360,train
7875,train
2093,train
7081,train
5335,train
7960,train
2594,train
9772,train
9243,train
5872,train
9307,train
8145,train
5177,train
1571,train
1674,train
7538,train
6854,train
1324,train
3732,train
7281,train
815,train
2335,train
6737,train
8773,train
9301,train
7159,train
8644,train
7831,train
2432,train
3873,train
4382,train
580,train
8810,train
3577,train
4442,train
6138,train
793,train
8995,train
7372,train
1905,train
8276,train
1349,train
2689,train
9829,train
4561,train
3921,train
1699,train
1691,train
59,train
6227,train
3961,train
4185,train
4564,train
6541,train
2009,train
4225,train
3874,train
6632,train
6376,train
2120,train
5947,train
6998,train
1039,train
3664,train
5697,train
7270,train
9474,train
6447,train
5820,train
9234,train
801,train
2233,train
2055,train
322,train
7340,train
1482,train
5873,train
6309,train
8676,train
6815,train
1150,train
3891,train
1858,train
4762,train
9175,train
4593,train
1302,train
8795,train
7948,train
4175,train
2076,train
4892,train
1506,train
5090,train
8362,train
8149,train
1383,train
478,train
4406,train
819,train
4301,train
9764,train
5067,train
3281,train
695,train
2192,train
6880,train
1636,train
4499,train
3307,train
1539,train
7956,train
1793,train
4170,train
3252,train
8681,train
7552,train
4571,train
1804,train
485,train
430,train
4574,train
6630,train
4497,train
9396,train
4398,train
7190,train
2965,train
9077,train
2882,train
7543,train
2861,train
2819,train
1546,train
197,train
2754,train
7378,train
1917,train
7020,train
7887,train
269,train
8936,train
4809,train
1271,train
9082,train
7793,train
8852,train
2535,train
5354,train
109,train
960,train
603,train
7127,train
3264,train
3853,train
2930,train
6203,train
8703,train
9546,train
8363,train
6711,train
7881,train
2405,train
230,train
3460,train
4610,train
3084,train
4761,train
7456,train
4693,train
8163,train
2172,train
8218,train
6567,train
4676,train
8033,train
3188,train
6027,train
1016,train
4417,train
2936,train
5239,train
4952,train
949,train
3685,train
4807,train
4836,train
3626,train
683,train
3310,train
4273,train
5369,train
7908,train
8511,train
1169,train
9263,train
1145,train
7073,train
2062,train
3791,train
2383,train
283,train
4163,train
7344,train
7892,train
1305,train
7290,train
5560,train
3499,train
969,train
4628,train
1124,train
1209,train
6371,train
8170,train
4682,train
3459,train
4846,train
4830,train
2807,train
9156,train
2534,train
8039,train
3107,train
8879,train
1660,train
2855,train
7906,train
9991,train
6307,train
6873,train
1835,train
4077,train
5763,train
5314,train
4885,train
4680,train
5358,train
1197,train
1355,train
5845,train
4055,train
1662,train
150,train
7974,train
5956,train
4714,train
9477,train
6323,train
3360,train
2250,train
6451,train
46,train
1418,train
4146,train
4531,train
4173,train
8867,train
857,train
3941,train
1584,train
4452,train
3565,train
2186,train
4226,train
9582,train
5167,train
7530,train
3280,train
4043,train
4016,train
6445,train
3624,train
2272,train
6646,train
7579,train
8830,train
8217,train
4553,train
5997,train
4888,train
6417,train
4429,train
7781,train
7307,train
4858,train
8293,train
3548,train
4152,train
5024,train
403,train
5253,train
9878,train
3858,train
1882,train
9609,train
238,train
172,train
5971,train
6605,train
2722,train
9265,train
1595,train
524,train
1856,train
8502,train
9163,train
6950,train
5248,train
3585,train
7108,train
1497,train
9842,train
2390,train
6583,train
5935,train
6270,train
8950,train
3038,train
4018,train
7860,train
3901,train
3250,train
7699,train
5210,train
390,train
4034,train
9291,train
1657,train
8805,train
6117,train
4848,train
8351,train
5195,train
27,train
9846,train
2464,train
4577,train
2428,train
251,train
9042,train
371,train
733,train
1220,train
7867,train
8735,train
6870,train
1968,train
4030,train
6453,train
1048,train
5803,train
6985,train
4247,train
703,train
8669,train
5701,train
629,train
9594,train
4198,train
7834,train
9865,train
5062,train
2425,train
1034,train
5800,train
2089,train
1221,train
7721,train
7673,train
6680,train
888,train
1429,train
7269,train
3885,train
8612,train
6349,train
6658,train
9722,train
9492,train
5886,train
7808,train
3180,train
1708,train
9513,train
6273,train
3829,train
4027,train
4569,train
6970,train
759,train
5076,train
788,train
3494,train
7640,train
933,train
6331,train
7401,train
2644,train
1503,train
783,train
978,train
9688,train
8505,train
7743,train
8860,train
3420,train
7285,train
7410,train
8358,train
7795,train
6744,train
913,train
3278,train
1367,train
5794,train
7336,train
6760,train
2220,train
6542,train
8672,train
713,train
9086,train
545,train
8894,train
6948,train
17,train
6674,train
9299,train
6499,train
3868,train
4058,train
4608,train
3672,train
681,train
7904,train
7634,train
9902,train
5808,train
7392,train
8815,train
4230,train
1414,train
60,train
3914,train
21,train
505,train
4675,train
544,train
7289,train
4305,train
3505,train
9152,train
8228,train
9873,train
5223,train
1268,train
7243,train
1126,train
9839,train
2636,train
1972,train
6416,train
615,train
9056,train
3286,train
4942,train
4108,train
439,train
6000,train
6588,train
5132,train
9912,train
9041,train
9387,train
1426,train
9838,train
3332,train
4263,train
6109,train
6350,train
3845,train
9926,train
6954,train
470,train
7592,train
8528,train
477,train
1532,train
896,train
3627,train
9532,train
7675,train
6004,train
7559,train
3944,train
4724,train
5967,train
8124,train
3314,train
9746,train
1030,train
4352,train
4111,train
1370,train
3654,train
7123,train
7477,train
5420,train
5449,train
3937,train
1705,train
4753,train
2231,train
9254,train
748,train
995,train
6482,train
2070,train
4887,train
7182,train
622,train
325,train
2986,train
8747,train
5122,train
6929,train
8072,train
5114,train
5936,train
5797,train
6072,train
4483,train
3680,train
9630,train
6901,train
7676,train
6114,train
3611,train
4453,train
2648,train
1926,train
4270,train
2148,train
2611,train
3150,train
3669,train
4054,train
6380,train
7568,train
106,train
7693,train
6913,train
3770,train
7511,train
5506,train
7298,train
5516,train
3601,train
2515,train
2440,train
6578,train
6814,train
2729,train
2176,train
8443,train
2655,train
7725,train
914,train
7016,train
9296,train
1438,train
1952,train
4857,train
6511,train
8439,train
662,train
9549,train
9011,train
8550,train
7852,train
7319,train
9523,train
5443,train
6663,train
9241,train
5942,train
1937,train
6844,train
9355,train
1066,train
4911,train
5527,train
5973,train
6262,train
6382,train
2998,train
1760,train
8354,train
6159,train
9793,train
1116,train
9494,train
6672,train
1154,train
4769,train
7813,train
1267,train
6080,train
9556,train
572,train
8433,train
4969,train
7175,train
4201,train
2549,train
4715,train
853,train
6915,train
6710,train
9589,train
7516,train
7732,train
6268,train
5295,train
7242,train
9469,train
8643,train
4348,train
817,train
4744,train
1159,train
1180,train
3628,train
2043,train
9848,train
7656,train
705,train
4160,train
573,train
3531,train
8994,train
5008,train
2230,train
8937,train
668,train
1432,train
7835,train
4949,train
7495,train
6721,train
3171,train
3047,train
9239,train
5291,train
3071,train
7629,train
7761,train
1881,train
5434,train
3427,train
7458,train
1999,train
7235,train
171,train
4172,train
586,train
993,train
2972,train
9642,train
5486,train
7923,train
509,train
2382,train
1951,train
2340,train
7658,train
5004,train
6308,train
2416,train
3255,train
4049,train
330,train
9669,train
518,train
9920,train
9592,train
2920,train
7558,train
1476,train
8462,train
2251,train
4910,train
5563,train
9267,train
3152,train
3729,train
5425,train
96,train
4306,train
5895,train
1940,train
413,train
1260,train
2255,train
6645,train
8523,train
1411,train
8509,train
7898,train
526,train
4879,train
8412,train
3814,train
5087,train
7089,train
4788,train
9361,train
9904,train
5868,train
6778,train
2894,train
6043,train
222,train
2719,train
7604,train
3636,train
4402,train
1448,train
7204,train
4664,train
6981,train
5685,train
4600,train
4688,train
6977,train
4565,train
1907,train
8918,train
2188,train
1218,train
7202,train
5569,train
5201,train
7078,train
6243,train
5696,train
487,train
4421,train
6908,train
9059,train
588,train
1185,train
4985,train
4365,train
4040,train
5009,train
362,train
8022,train
8121,train
1830,train
4797,train
880,train
4917,train
6816,train
5768,train
6849,train
4346,train
4935,train
9601,train
1810,train
8987,train
31,train
7357,train
631,train
1205,train
2237,train
8018,train
2567,train
5108,train
2939,train
9285,train
5990,train
9755,train
6335,train
3349,train
9541,train
7939,train
600,train
9028,train
8909,train
2444,train
4070,train
3546,train
7070,train
4520,train
3456,train
6754,train
1138,train
8920,train
7394,train
829,train
9454,train
3026,train
1237,train
2959,train
9699,train
491,train
8624,train
7785,train
3009,train
7475,train
7496,train
7268,train
8075,train
6980,train
542,train
6037,train
3139,train
536,train
8292,train
3740,train
2996,train
9402,train
8517,train
7170,train
6637,train
3487,train
6405,train
123,train
5905,train
5188,train
8541,train
8382,train
2346,train
2966,train
3912,train
9820,train
3862,train
4779,train
1656,train
5077,train
5764,train
2702,train
5030,train
3950,train
5327,train
1353,train
2131,train
4632,train
7039,train
9775,train
9886,train
8543,train
3637,train
119,train
3925,train
9327,train
6611,train
7548,train
1040,train
5901,train
4594,train
2053,train
5254,train
708,train
1753,train
1518,train
851,train
3851,train
9939,train
4746,train
9857,train
8952,train
8079,train
4874,train
5927,train
9331,train
1360,train
6456,train
2347,train
7183,train
7214,train
7901,train
7328,train
3678,train
9677,train
1743,train
6248,train
7916,train
7523,train
1655,train
6218,train
1133,train
5109,train
6051,train
2613,train
6292,train
1559,train
1465,train
8071,train
6414,train
7818,train
1859,train
2771,train
2717,train
1919,train
4374,train
3971,train
2114,train
3149,train
1608,train
9596,train
8983,train
7324,train
2478,train
3400,train
8693,train
3890,train
6520,train
563,train
605,train
4425,train
1460,train
5348,train
256,train
6306,train
1235,train
8887,train
2007,train
2501,train
8632,train
3245,train
3727,train
5406,train
90,train
1947,train
5273,train
4853,train
8964,train
927,train
6581,train
1183,train
9941,train
85,train
8238,train
2664,train
9585,train
3917,train
4654,train
4279,train
6133,train
2487,train
626,train
3593,train
2,train
6100,train
866,train
5409,train
6265,train
2627,train
7610,train
2407,train
9591,train
2772,train
6319,train
902,train
5677,train
3540,train
2221,train
547,train
4092,train
3087,train
6352,train
1645,train
5585,train
954,train
1903,train
2326,train
3947,train
9248,train
8716,train
374,train
7326,train
7686,train
1425,train
5324,train
1433,train
7066,train
5299,train
16,train
8111,train
6780,train
6557,train
4980,train
3871,train
5028,train
2618,train
147,train
1593,train
9081,train
6360,train
6859,train
2211,train
9305,train
9858,train
3239,train
97,train
1913,train
272,train
4658,train
9538,train
4500,train
7958,train
9847,train
7482,train
3869,train
4814,train
2471,train
4178,train
4122,train
6476,train
7047,train
296,train
1296,train
935,train
4193,train
9794,train
2985,train
8408,train
2447,train
5141,train
571,train
5743,train
4285,train
8970,train
6925,train
309,train
4349,train
8568,train
111,train
114,train
1781,train
2373,train
1965,train
893,train
7510,train
6965,train
2730,train
2602,train
7276,train
958,train
5375,train
5398,train
7782,train
3432,train
7368,train
4089,train
3340,train
8826,train
2345,train
2876,train
6626,train
5075,train
5065,train
854,train
7540,train
9981,train
9001,train
7787,train
4254,train
4019,train
8057,train
7918,train
5869,train
9332,train
9130,train
4929,train
500,train
9888,train
1563,train
3834,train
6999,train
2942,train
3480,train
7709,train
6175,train
7720,train
4972,train
7234,train
959,train
9936,train
2518,train
6327,train
4462,train
7130,train
2437,train
8049,train
8539,train
4562,train
6247,train
1031,train
4823,train
5185,train
7413,train
354,train
8119,train
474,train
1041,train
4432,train
4588,train
4622,train
7848,train
6386,train
6867,train
431,train
6853,train
6857,train
2728,train
3234,train
1649,train
2189,train
9443,train
2603,train
9184,train
8834,train
9833,train
6425,train
5829,train
7670,train
6888,train
503,train
905,train
7008,train
2106,train
2676,train
7941,train
5222,train
2090,train
426,train
7865,train
3303,train
4404,train
258,train
5520,train
6921,train
2773,train
3156,train
1408,train
8959,train
4815,train
8390,train
9100,train
7701,train
5703,train
4728,train
1196,train
3482,train
2006,train
6035,train
6898,train
1136,train
9076,train
9046,train
9114,train
9066,train
6538,train
9874,train
8990,train
6779,train
9176,train
1847,train
1239,train
6927,train
8579,train
3688,train
1707,train
3808,train
3992,train
2048,train
8532,train
5836,train
6507,train
4615,train
4919,train
7377,train
1182,train
9750,train
5671,train
6631,train
7922,train
8259,train
6535,train
3786,train
2477,train
1219,train
5135,train
9869,train
8842,train
1929,train
1479,train
4653,train
7306,train
513,train
3448,train
2421,train
8077,train
7832,train
1347,train
2740,train
9593,train
5153,train
5566,train
9515,train
9969,train
7850,train
2761,train
1977,train
3815,train
7114,train
6937,train
7703,train
2460,train
8232,train
7660,train
4260,train
7143,train
7085,train
3981,train
8464,train
814,train
9572,train
5618,train
2259,train
3918,train
1697,train
2436,train
6204,train
2596,train
2749,train
2692,train
3612,train
543,train
3013,train
5963,train
3291,train
5841,train
1335,train
2647,train
6177,train
9496,train
2601,train
7417,train
18,train
4521,train
2439,train
2578,train
7333,train
8233,train
5914,train
7534,train
8572,train
1791,train
3607,train
722,train
2244,train
2790,train
8916,train
8179,train
440,train
2453,train
314,train
557,train
273,train
9881,train
3686,train
5418,train
5339,train
7567,train
8802,train
3028,train
3132,train
1718,train
2814,train
5133,train
1223,train
3324,train
1217,train
3586,train
6397,train
3504,train
8637,train
9442,train
6644,train
9853,train
3875,train
9128,train
4272,train
5679,train
533,train
1098,train
1253,train
6196,train
3465,train
5684,train
4804,train
10000,train
3382,train
2309,train
454,train
5909,train
346,train
9605,train
207,train
4038,train
5214,train
8817,train
2242,train
1978,train
311,train
6219,train
159,train
8020,train
9276,train
9498,train
6345,train
6180,train
6979,train
2544,train
182,train
8393,train
7218,train
83,train
1485,train
9595,train
585,train
5543,train
9507,train
6206,train
9543,train
5731,train
909,train
3799,train
4195,train
7864,train
1272,train
8438,train
4130,train
5596,train
890,train
9117,train
8827,train
2688,train
8331,train
1179,train
196,train
3497,train
9413,train
6722,train
2973,train
7993,train
8791,train
4790,train
227,train
8571,train
3209,train
2528,train
2946,train
8070,train
237,train
7227,train
4120,train
7968,train
3785,train
3145,train
7383,train
2213,train
5533,train
5234,train
1017,train
5745,train
5564,train
4387,train
1759,train
1521,train
5523,train
2027,train
8924,train
6364,train
8181,train
507,train
6102,train
8819,train
4059,train
3998,train
5979,train
9252,train
7007,train
7986,train
8999,train
8856,train
6296,train
3904,train
4061,train
1006,train
6299,train
972,train
326,train
8586,train
4233,train
9462,train
548,train
7811,train
3657,train
6704,train
3217,train
5499,train
9084,train
1204,train
2289,train
5893,train
6038,train
5393,train
5798,train
987,train
7134,train
419,train
8262,train
7382,train
1643,train
5043,train
4014,train
3903,train
5578,train
3408,train
5258,train
9809,train
8316,train
449,train
9959,train
5029,train
9090,train
1475,train
9567,train
9303,train
1531,train
2731,train
6471,train
4684,train
9475,train
2804,train
7157,train
3915,train
7741,train
673,train
4262,train
6181,train
8944,train
4079,train
7806,train
5609,train
8536,train
5215,train
9792,train
4798,train
3075,train
6008,train
7636,train
3428,train
6566,train
6596,train
1885,train
5751,train
1033,train
3313,train
7919,train
5131,train
6419,train
2566,train
3824,train
5084,train
2264,train
9667,train
3968,train
638,train
1805,train
2948,train
7459,train
1534,train
1585,train
1417,train
9348,train
7931,train
7374,train
8758,train
9112,train
9255,train
5888,train
8603,train
8890,train
5993,train
5568,train
9712,train
8151,train
177,train
2040,train
4877,train
9319,train
2715,train
4590,train
372,train
5066,train
8165,train
539,train
4493,train
6157,train
4986,train
2103,train
3057,train
9379,train
2616,train
676,train
2081,train
6365,train
7760,train
4323,train
741,train
4464,train
9783,train
7054,train
7194,train
9501,train
6444,train
4641,train
5818,train
4384,train
5807,train
8208,train
9913,train
3931,train
4776,train
6082,train
7962,train
8997,train
3098,train
6670,train
7354,train
728,train
8062,train
5739,train
3687,train
3275,train
9194,train
5039,train
8282,train
9597,train
2343,train
1407,train
8244,train
1440,train
1519,train
1214,train
6367,train
6017,train
8440,train
7434,train
8629,train
9726,train
6473,train
2834,train
7165,train
9198,train
332,train
612,train
64,train
2899,train
907,train
9146,train
4012,train
7142,train
8554,train
5345,train
555,train
8128,train
7853,train
7756,train
4215,train
702,train
4435,train
5793,train
794,train
9815,train
3035,train
9219,train
124,train
6893,train
5140,train
8487,train
5680,train
6086,train
2248,train
103,train
6198,train
3470,train
9060,train
3946,train
45,train
1751,train
4899,train
1545,train
5015,train
9412,train
8642,train
4953,train
9620,train
4655,train
8291,train
4457,train
9796,train
2511,train
9527,train
3441,train
9868,train
6032,train
7722,train
6179,train
8631,train
1958,train
3423,train
9638,train
7723,train
481,train
9057,train
7738,train
9825,train
3763,train
8263,train
3643,train
4361,train
7616,train
579,train
1068,train
2507,train
1986,train
621,train
2840,train
5054,train
917,train
6693,train
5323,train
9915,train
3525,train
7207,train
8014,train
9800,train
140,train
6295,train
2907,train
4638,train
4420,train
7035,train
8497,train
8421,train
6353,train
4347,train
4990,train
5789,train
3631,train
501,train
9373,train
9505,train
8820,train
4987,train
467,train
429,train
5476,train
5760,train
4359,train
2331,train
4200,train
803,train
717,train
5844,train
7177,train
3882,train
6615,train
9516,train
4849,train
2149,train
9207,train
7428,train
2372,train
1172,train
6211,train
9656,train
7323,train
393,train
4597,train
720,train
8343,train
127,train
7001,train
279,train
2150,train
9550,train
9662,train
2712,train
5835,train
8324,train
9208,train
3200,train
6688,train
6052,train
2078,train
546,train
7751,train
3835,train
5852,train
5938,train
6530,train
4697,train
1208,train
3436,train
7631,train
6368,train
4265,train
9711,train
3030,train
4528,train
6053,train
7422,train
5911,train
1688,train
8555,train
1528,train
228,train
2539,train
2123,train
448,train
4738,train
7055,train
6930,train
879,train
2202,train
5010,train
1825,train
3260,train
4943,train
8044,train
6383,train
1525,train
3544,train
9655,train
3295,train
7665,train
9566,train
795,train
2134,train
2071,train
239,train
3646,train
6363,train
4606,train
7053,train
9497,train
4825,train
3112,train
3520,train
3545,train
5025,train
5619,train
7367,train
1012,train
5641,train
2480,train
3462,train
6628,train
3208,train
3967,train
3296,train
8844,train
4021,train
3738,train
1893,train
8352,train
5574,train
4490,train
1712,train
7602,train
4477,train
6142,train
68,train
3118,train
2205,train
8450,train
6137,train
6259,train
955,train
468,train
7480,train
2867,train
1481,train
3750,train
6571,train
157,train
5646,train
8055,train
2194,train
2084,train
9107,train
2033,train
9574,train
4199,train
9682,train
2141,train
8359,train
3589,train
4414,train
7246,train
8002,train
9120,train
7715,train
5874,train
8654,train
3638,train
139,train
9500,train
9889,train
2774,train
7154,train
9288,train
4686,train
3490,train
8427,train
6713,train
4661,train
5230,train
1822,train
9483,train
701,train
5601,train
2952,train
3777,train
4513,train
1748,train
5642,train
5367,train
6890,train
5626,train
8818,train
5293,train
3452,train
2153,train
9859,train
6023,train
5687,train
8825,train
364,train
721,train
2957,train
4364,train
8919,train
7380,train
9422,train
5531,train
5272,train
9910,train
707,train
1495,train
5360,train
4780,train
8606,train
1860,train
4088,train
7162,train
5802,train
4357,train
2670,train
1802,train
4237,train
4037,train
5622,train
3474,train
6007,train
5960,train
9872,train
1439,train
1648,train
99,train
5264,train
5315,train
4491,train
5265,train
5810,train
2179,train
2329,train
5263,train
639,train
5318,train
6735,train
9095,train
497,train
3933,train
4889,train
6450,train
6189,train
7509,train
3347,train
5532,train
4094,train
8471,train
7236,train
2485,train
4399,train
3158,train
7539,train
9173,train
3639,train
6860,train
4013,train
2164,train
8250,train
210,train
1838,train
5988,train
2409,train
5285,train
5992,train
2964,train
8705,train
3361,train
3135,train
5442,train
2687,train
2193,train
5120,train
9900,train
4698,train
8945,train
9769,train
5124,train
2912,train
3206,train
4922,train
843,train
3241,train
9951,train
338,train
746,train
3263,train
8627,train
2125,train
4009,train
3248,train
1254,train
8288,train
3773,train
8452,train
145,train
6546,train
94,train
4967,train
657,train
8180,train
9218,train
3879,train
7353,train
3982,train
2679,train
6250,train
4881,train
7015,train
3768,train
1603,train
2745,train
5537,train
2314,train
1754,train
1592,train
4325,train
192,train
5037,train
4449,train
825,train
4740,train
9921,train
2571,train
1829,train
4855,train
525,train
5168,train
8738,train
5474,train
5682,train
4050,train
9856,train
658,train
2204,train
7669,train
874,train
9204,train
9369,train
3498,train
3175,train
3136,train
2492,train
9648,train
3257,train
871,train
7187,train
5413,train
5656,train
4161,train
5378,train
6875,train
910,train
1709,train
6650,train
8649,train
9506,train
5161,train
4902,train
7250,train
5767,train
7302,train
1491,train
3560,train
8865,train
2569,train
820,train
3976,train
8527,train
7821,train
2011,train
8384,train
5288,train
7224,train
8415,train
118,train
9960,train
2270,train
9377,train
7716,train
5041,train
7983,train
9729,train
216,train
1341,train
5605,train
4743,train
9201,train
6987,train
9562,train
6796,train
7090,train
975,train
8915,train
2181,train
6591,train
4344,train
2641,train
5410,train
9718,train
137,train
4407,train
5735,train
8494,train
9123,train
1789,train
6408,train
6799,train
6347,train
7313,train
6213,train
9943,train
9401,train
2484,train
3198,train
4297,train
4418,train
6872,train
3134,train
8101,train
3735,train
7966,train
1992,train
2868,train
6847,train
5983,train
4717,train
4117,train
3597,train
9947,train
8885,train
2891,train
4514,train
498,train
1001,train
5528,train
4337,train
8193,train
7679,train
9877,train
2470,train
7921,train
4934,train
1658,train
110,train
5130,train
1084,train
215,train
9742,train
3457,train
2075,train
3682,train
2751,train
3027,train
9021,train
7464,train
2145,train
8792,train
6469,train
3618,train
4958,train
2323,train
2897,train
3765,train
7356,train
7825,train
8582,train
7352,train
6956,train
7156,train
6315,train
9427,train
1944,train
8533,train
1961,train
9657,train
29,train
2787,train
3157,train
5319,train
7097,train
4516,train
1739,train
7819,train
136,train
4026,train
4505,train
9518,train
1875,train
1337,train
8202,train
4511,train
8547,train
8445,train
6574,train
8205,train
3747,train
3751,train
8489,train
2060,train
5580,train
9035,train
3090,train
302,train
1678,train
3212,train
5921,train
519,train
3942,train
7476,train
8702,train
1058,train
5058,train
2415,train
5125,train
9393,train
8513,train
1950,train
5298,train
3863,train
6570,train
3449,train
9325,train
8146,train
7504,train
5020,train
9577,train
2686,train
1177,train
8305,train
882,train
5599,train
4316,train
4197,train
3486,train
8159,train
1231,train
4275,train
9700,train
521,train
3957,train
7094,train
4213,train
1855,train
5545,train
534,train
6996,train
398,train
608,train
7961,train
8081,train
1109,train
1343,train
7833,train
9300,train
9854,train
4221,train
2224,train
1458,train
9795,train
3541,train
349,train
6387,train
5412,train
9997,train
6470,train
1927,train
9459,train
5317,train
9362,train
2775,train
260,train
8229,train
3651,train
4805,train
3138,train
28,train
3011,train
3288,train
271,train
4875,train
977,train
3293,train
7490,train
6056,train
7746,train
3492,train
8184,train
3571,train
2621,train
3796,train
7829,train
5690,train
5833,train
5422,train
6623,train
1029,train
8253,train
6454,train
7520,train
2246,train
5945,train
5014,train
4945,train
5742,train
1256,train
8112,train
1949,train
7409,train
8724,train
4485,train
9089,train
4328,train
1298,train
2822,train
3052,train
4627,train
1588,train
1403,train
7936,train
1094,train
1246,train
6088,train
2657,train
3878,train
1632,train
3430,train
1416,train
9414,train
9284,train
1011,train
8167,train
7772,train
3401,train
7436,train
6436,train
9431,train
2170,train
9034,train
3831,train
4996,train
3034,train
2414,train
8171,train
3894,train
4440,train
7121,train
2870,train
5101,train
4974,train
9394,train
6200,train
7275,train
5928,train
3133,train
6421,train
2523,train
6842,train
1168,train
5538,train
5817,train
65,train
1222,train
3805,train
466,train
5229,train
5859,train
4003,train
3080,train
8126,train
183,train
7198,train
3804,train
1807,train
6866,train
5959,train
7146,train
1132,train
4210,train
9529,train
9731,train
4002,train
669,train
2726,train
5824,train
6012,train
5341,train
4852,train
8271,train
8148,train
8258,train
6294,train
3484,train
8389,train
6486,train
2753,train
400,train
6146,train
275,train
4439,train
8546,train
384,train
3210,train
8357,train
6549,train
8799,train
7775,train
6697,train
6522,train
6230,train
9446,train
1737,train
5250,train
3388,train
8947,train
7970,train
4547,train
4854,train
4051,train
6316,train
5421,train
643,train
7792,train
4475,train
6049,train
1567,train
5664,train
1187,train
8470,train
5989,train
169,train
3833,train
8328,train
4255,train
5331,train
7851,train
1401,train
3443,train
3809,train
1061,train
5368,train
231,train
1558,train
6040,train
8658,train
9167,train
4918,train
4461,train
7448,train
2203,train
6147,train
786,train
2328,train
7395,train
5351,train
1281,train
9244,train
3049,train
3137,train
1117,train
3179,train
9807,train
9559,train
8803,train
2475,train
3825,train
6433,train
7418,train
3363,train
8835,train
8839,train
7546,train
7063,train
844,train
7952,train
5838,train
3900,train
6840,train
170,train
6810,train
3864,train
9654,train
6006,train
2552,train
9328,train
8370,train
2681,train
8870,train
7711,train
8622,train
1756,train
7472,train
3207,train
2442,train
7994,train
333,train
4405,train
3782,train
2219,train
3530,train
9509,train
4478,train
6671,train
858,train
6480,train
6176,train
82,train
8923,train
6199,train
8131,train
2173,train
2945,train
9335,train
1090,train
7581,train
8320,train
9940,train
1611,train
7402,train
7440,train
8562,train
2399,train
6775,train
1714,train
8065,train
7585,train
3916,train
8466,train
3224,train
3774,train
734,train
2085,train
4327,train
6173,train
8723,train
9192,train
1613,train
6164,train
1896,train
4614,train
7854,train
2493,train
3919,train
1422,train
6048,train
3183,train
7342,train
7151,train
5483,train
1614,train
2155,train
6249,train
8850,train
8114,train
51,train
7513,train
767,train
9836,train
3569,train
493,train
3146,train
9457,train
2315,train
1555,train
9683,train
5355,train
7891,train
7938,train
88,train
8341,train
8529,train
9428,train
7621,train
4721,train
7522,train
3849,train
1026,train
6089,train
5496,train
1415,train
8490,train
9108,train
6132,train
4869,train
8604,train
7393,train
4580,train
5631,train
4045,train
8806,train
3606,train
8664,train
2884,train
7381,train
5415,train
9916,train
2802,train
7839,train
9583,train
312,train
4734,train
9389,train
3906,train
6187,train
9272,train
5042,train
3461,train
9812,train
7889,train
6794,train
2499,train
3860,train
6552,train
4683,train
2269,train
8639,train
2175,train
7598,train
7160,train
492,train
8064,train
9334,train
4179,train
8402,train
7408,train
7338,train
6092,train
6652,train
1137,train
78,train
5746,train
4586,train
8143,train
1916,train
3147,train
6568,train
9511,train
8338,train
3927,train
6254,train
1839,train
9741,train
8254,train
8736,train
7091,train
6886,train
2673,train
8982,train
8392,train
6903,train
4666,train
9367,train
8137,train
7599,train
9942,train
8981,train
1831,train
9627,train
4554,train
4916,train
6686,train
4716,train
7531,train
3683,train
1110,train
6229,train
7173,train
870,train
2286,train
1054,train
3780,train
2015,train
8303,train
5553,train
8616,train
3472,train
8670,train
176,train
1664,train
8787,train
3214,train
1715,train
2000,train
7776,train
6422,train
8190,train
9354,train
2893,train
2927,train
2858,train
8087,train
6244,train
4993,train
3865,train
6595,train
1954,train
5032,train
4975,train
8531,train
4833,train
9980,train
2267,train
8767,train
3668,train
7949,train
253,train
8478,train
8252,train
2215,train
6402,train
8729,train
2243,train
1391,train
646,train
4659,train
7652,train
4639,train
4820,train
633,train
3730,train
2532,train
2324,train
2004,train
7029,train
1527,train
1775,train
7698,train
2517,train
1262,train
8214,train
3435,train
6501,train
7688,train
9946,train
9739,train
5256,train
3232,train
6066,train
5974,train
5485,train
341,train
2319,train
8028,train
9852,train
471,train
4083,train
71,train
718,train
3129,train
3070,train
5105,train
8690,train
2760,train
3528,train
1038,train
8435,train
1071,train
1939,train
3177,train
8766,train
9785,train
778,train
696,train
1194,train
4799,train
4139,train
2022,train
2299,train
4167,train
40,train
3120,train
3731,train
1653,train
8874,train
8710,train
6431,train
2811,train
4944,train
2573,train
7816,train
3406,train
2462,train
4017,train
8940,train
3005,train
1095,train
2298,train
9962,train
6490,train
5776,train
2524,train
4151,train
7845,train
3797,train
4350,train
4756,train
1698,train
520,train
6660,train
5827,train
1732,train
9476,train
2660,train
9172,train
9885,train
816,train
1385,train
6565,train
4765,train
8720,train
4125,train
7647,train
8094,train
4813,train
8182,train
8495,train
6836,train
1716,train
3242,train
339,train
1768,train
9551,train
899,train
5546,train
5116,train
1042,train
4342,train
5919,train
7158,train
2875,train
242,train
3587,train
7989,train
4389,train
6584,train
2710,train
6562,train
9449,train
5334,train
697,train
167,train
8196,train
7959,train
2940,train
1019,train
8199,train
9298,train
6573,train
3122,train
2010,train
2018,train
1106,train
336,train
4845,train
5211,train
7341,train
2704,train
2282,train
1544,train
1261,train
4771,train
1163,train
6797,train
9797,train
1884,train
7335,train
6154,train
6949,train
1174,train
2396,train
4939,train
2098,train
6914,train
1848,train
6750,train
2392,train
7996,train
8429,train
5012,train
8326,train
6728,train
6366,train
3433,train
363,train
5501,train
201,train
7677,train
3402,train
9157,train
2669,train
7945,train
4431,train
303,train
2639,train
9006,train
9126,train
6822,train
2988,train
9382,train
2426,train
1046,train
6241,train
7492,train
897,train
6769,train
8762,train
6385,train
7438,train
8457,train
7283,train
6861,train
6955,train
9190,train
1963,train
8640,train
1459,train
699,train
690,train
1837,train
8105,train
5259,train
4793,train
373,train
3089,train
5771,train
1022,train
6312,train
4623,train
3385,train
2271,train
2796,train
2782,train
6222,train
1148,train
5795,train
4962,train
6253,train
946,train
9099,train
8899,train
1456,train
6723,train
1449,train
7457,train
13,train
3318,train
8956,train
1981,train
4575,train
7789,train
4950,train
6044,train
3689,train
1144,train
5052,train
1783,train
5594,train
2693,train
3476,train
3514,train
2585,train
3101,train
4469,train
6074,train
7037,train
6777,train
868,train
8295,train
8187,train
8589,train
7396,train
7624,train
3496,train
5344,train
2249,train
7297,train
2918,train
9727,train
5772,train
554,train
8399,train
2914,train
2711,train
8432,train
6510,train
7233,train
203,train
4770,train
849,train
366,train
7197,train
3003,train
5137,train
7023,train
3547,train
198,train
8092,train
9811,train
8673,train
9604,train
5452,train
1550,train
5581,train
5575,train
8221,train
1869,train
1507,train
1436,train
5395,train
2623,train
422,train
3269,train
52,train
3896,train
4081,train
7648,train
1845,train
2207,train
5150,train
9027,train
9631,train
8784,train
84,train
8213,train
8682,train
1050,train
5138,train
9104,train
677,train
4525,train
7837,train
940,train
7172,train
7842,train
9271,train
3222,train
5246,train
883,train
2592,train
1452,train
132,train
706,train
6021,train
9658,train
2330,train
1286,train
7666,train
792,train
1252,train
8757,train
5394,train
3202,train
8130,train
3268,train
5946,train
6720,train
445,train
4367,train
9310,train
450,train
7255,train
5098,train
5147,train
8453,train
9231,train
4709,train
2683,train
1200,train
397,train
7971,train
2799,train
3266,train
7649,train
9894,train
9824,train
3384,train
5038,train
9278,train
8907,train
8650,train
9753,train
5287,train
4135,train
1081,train
8339,train
528,train
4957,train
8501,train
5267,train
3006,train
9670,train
4164,train
7386,train
1118,train
2127,train
6897,train
9519,train
9297,train
232,train
6096,train
410,train
9891,train
834,train
2268,train
1018,train
8160,train
2672,train
8164,train
7645,train
8097,train
7211,train
9695,train
8139,train
5904,train
6804,train
7866,train
4758,train
5218,train
1637,train
3300,train
6497,train
5129,train
5853,train
7586,train
7141,train
261,train
1311,train
1498,train
297,train
80,train
9209,train
9116,train
8938,train
5329,train
7651,train
8025,train
3533,train
4951,train
2716,train
5266,train
5373,train
4736,train
2257,train
5732,train
7535,train
6858,train
2540,train
6636,train
1364,train
9111,train
5667,train
25,train
6773,train
465,train
9508,train
9539,train
9850,train
651,train
377,train
1080,train
1786,train
848,train
2182,train
7964,train
7924,train
2589,train
4289,train
3705,train
2856,train
2506,train
9993,train
2778,train
8946,train
4204,train
2866,train
7934,train
7545,train
6598,train
6123,train
6561,train
5257,train
1375,train
3161,train
1918,train
380,train
7750,train
628,train
9880,train
6111,train
9534,train
6409,train
6145,train
4488,train
5871,train
2545,train
7928,train
5451,train
9295,train
6876,train
3760,train
980,train
7823,train
77,train
5552,train
9097,train
134,train
1841,train
4371,train
9399,train
6163,train
2885,train
2889,train
6795,train
3375,train
161,train
7801,train
3698,train
7042,train
5461,train
108,train
4960,train
3455,train
2083,train
7870,train
606,train
1002,train
2967,train
1198,train
5741,train
8231,train
5815,train
2881,train
409,train
1032,train
1107,train
8793,train
9135,train
5405,train
9199,train
8026,train
1948,train
2560,train
6917,train
7215,train
418,train
5878,train
2735,train
7426,train
739,train
760,train
50,train
2801,train
1888,train
8005,train
5423,train
245,train
4194,train
2013,train
8662,train
274,train
5056,train
8875,train
1669,train
7088,train
522,train
9426,train
4224,train
7082,train
6617,train
8482,train
3412,train
895,train
5071,train
8655,train
4867,train
7483,train
4470,train
7046,train
5096,train
5949,train
3058,train
7346,train
636,train
5033,train
9867,train
4419,train
3720,train
9365,train
6659,train
9747,train
5870,train
6695,train
1515,train
8765,train
1004,train
443,train
1794,train
6827,train
6413,train
163,train
9560,train
8379,train
2497,train
2508,train
6504,train
1711,train
4725,train
4494,train
9004,train
4444,train
9637,train
593,train
1548,train
9430,train
1069,train
5524,train
320,train
992,train
3154,train
436,train
9277,train
938,train
8375,train
4579,train
7355,train
9222,train
5224,train
5119,train
2888,train
4545,train
2217,train
568,train
9834,train
4984,train
5675,train
5559,train
5714,train
9952,train
7984,train
2871,train
9137,train
7596,train
833,train
1131,train
7237,train
2684,train
1070,train
495,train
9928,train
3399,train
8192,train
8043,train
8864,train
1679,train
184,train
2313,train
7361,train
916,train
5156,train
7953,train
664,train
6500,train
7946,train
4119,train
9366,train
9892,train
6517,train
5236,train
908,train
6776,train
2823,train
3223,train
8679,train
2995,train
4695,train
4862,train
1777,train
4880,train
6976,train
9418,train
6443,train
8479,train
2903,train
8992,train
7425,train
5325,train
6601,train
9233,train
3576,train
7022,train
1938,train
3811,train
2095,train
5475,train
8903,train
7273,train
2317,train
9621,train
7331,train
9611,train
8840,train
9569,train
8769,train
6770,train
8411,train
9623,train
6330,train
9948,train
694,train
2254,train
9526,train
8576,train
8646,train
8934,train
5906,train
9287,train
2117,train
3542,train
3392,train
7101,train
1487,train
3905,train
1797,train
7329,train
8754,train
6600,train
3434,train
1652,train
3301,train
9776,train
3877,train
5313,train
726,train
8538,train
9053,train
7903,train
6622,train
9353,train
1354,train
7083,train
5716,train
1985,train
3389,train
5539,train
9666,train
2776,train
26,train
3173,train
1796,train
9106,train
3372,train
7507,train
9171,train
2896,train
7900,train
1020,train
6150,train
9573,train
4422,train
8047,train
8666,train
8895,train
9024,train
2609,train
7809,train
5432,train
8911,train
9713,train
1007,train
8969,train
1027,train
5813,train
1970,train
7950,train
8503,train
4140,train
8499,train
7400,train
1101,train
3170,train
2019,train
6527,train
8010,train
4248,train
388,train
8156,train
3821,train
4507,train
4642,train
7555,train
6818,train
7064,train
3537,train
864,train
3438,train
4293,train
3633,train
2167,train
532,train
9613,train
1186,train
6214,train
6687,train
480,train
8315,train
2658,train
827,train
9238,train
7444,train
5326,train
8348,train
2816,train
9978,train
9471,train
2610,train
8516,train
7591,train
4299,train
944,train
4182,train
6384,train
7910,train
7614,train
2955,train
2565,train
931,train
541,train
8823,train
1402,train
3859,train
6357,train
5600,train
3856,train
9118,train
3277,train
9162,train
2553,train
6992,train
2353,train
4001,train
4735,train
2838,train
2564,train
1644,train
7777,train
8824,train
8150,train
3370,train
8183,train
1176,train
2826,train
1340,train
845,train
3620,train
4901,train
5478,train
7797,train
3817,train
8132,train
6759,train
1866,train
2397,train
2652,train
6468,train
2057,train
8922,train
2659,train
5730,train
7304,train
4036,train
5657,train
2575,train
9619,train
6702,train
9987,train
5773,train
1215,train
3963,train
5374,train
4963,train
7021,train
9178,train
630,train
9607,train
7541,train
2908,train
4386,train
7748,train
7902,train
6130,train
1288,train
5123,train
6449,train
9250,train
811,train
6426,train
5386,train
5186,train
5929,train
1621,train
2443,train
2992,train
8881,train
9364,train
2922,train
4624,train
9995,train
3185,train
5142,train
981,train
9022,train
9388,train
7167,train
7646,train
9142,train
6666,train
9649,train
2073,train
3575,train
5662,train
2445,train
2635,train
8601,train
7632,train
4329,train
6338,train
1190,train
7730,train
9976,train
661,train
3205,train
3535,train
5639,train
2990,train
8396,train
906,train
2713,train
7798,train
4913,train
1606,train
49,train
1202,train
8008,train
6343,train
4651,train
2784,train
7294,train
1814,train
3194,train
1746,train
9151,train
5202,train
4526,train
6731,train
5616,train
1579,train
9970,train
3661,train
4463,train
4541,train
8905,train
9985,train
7780,train
1,train
8998,train
8851,train
5457,train
421,train
2495,train
6081,train
951,train
7828,train
4411,train
7390,train
5719,train
1693,train
6483,train
6197,train
5055,train
6020,train
7061,train
552,train
3076,train
8651,train
8469,train
7843,train
189,train
9350,train
6889,train
566,train
6167,train
9971,train
9433,train
2904,train
1266,train
6240,train
7947,train
2199,train
9933,train
2142,train
3828,train
1492,train
1597,train
8485,train
7868,train
1883,train
6435,train
7284,train
7305,train
8577,train
3928,train
5353,train
7982,train
5073,train
7872,train
1514,train
6346,train
991,train
4954,train
4218,train
5282,train
7203,train
9033,train
2815,train
7150,train
766,train
8707,train
4690,train
9994,train
685,train
3603,train
9841,train
1642,train
7181,train
1306,train
133,train
1115,train
1627,train
3020,train
9756,train
7897,train
2563,train
6126,train
9561,train
2981,train
7366,train
1431,train
2130,train
4202,train
751,train
3561,train
4162,train
9545,train
1072,train
5996,train
6590,train
6406,train
1099,train
761,train
891,train
2122,train
5583,train
459,train
9359,train
9999,train
6515,train
152,train
7704,train
6013,train
5984,train
7107,train
4174,train
4783,train
1082,train
2654,train
2848,train
4257,train
6675,train
942,train
199,train
6756,train
7886,train
3920,train
4129,train
2708,train
7230,train
5604,train
6261,train
4011,train
5244,train
1987,train
4331,train
4991,train
181,train
823,train
5307,train
7184,train
5292,train
4926,train
4084,train
23,train
1570,train
8142,train
9341,train
8009,train
304,train
7807,train
5241,train
3717,train
194,train
164,train
747,train
1386,train
3072,train
2100,train
6395,train
8653,train
4282,train
712,train
7718,train
6594,train
7033,train
8752,train
3331,train
9555,train
5002,train
4471,train
667,train
7759,train
3352,train
1687,train
8420,train
1390,train
611,train
8564,train
1052,train
7783,train
1282,train
2975,train
970,train
5821,train
8667,train
9810,train
1910,train
5850,train
5976,train
850,train
4291,train
425,train
7314,train
8917,train
3246,train
9037,train
2151,train
8268,train
4022,train
5519,train
7871,train
6293,train
8084,train
7059,train
8468,train
5940,train
8498,train
892,train
5343,train
7431,train
6216,train
9054,train
8587,train
4315,train
3397,train
6400,train
2725,train
5465,train
2457,train
6729,train
2863,train
3348,train
4112,train
9723,train
1283,train
6290,train
9264,train
3551,train
9684,train
6135,train
654,train
3485,train
6070,train
7577,train
1329,train
3787,train
4245,train
1276,train
6764,train
7075,train
3693,train
4187,train
4447,train
2634,train
3017,train
7040,train
3837,train
2798,train
5493,train
5722,train
2584,train
3801,train
8329,train
5078,train
2583,train
749,train
7742,train
8272,train
5816,train
5044,train
2982,train
7981,train
8778,train
7349,train
202,train
3279,train
2087,train
7696,train
7399,train
3789,train
1413,train
5668,train
8162,train
7131,train
3779,train
4737,train
5787,train
9391,train
5784,train
8136,train
8908,train
1872,train
8347,train
7106,train
9026,train
7279,train
7969,train
9696,train
4153,train
562,train
7526,train
6505,train
616,train
6603,train
6411,train
1552,train
5372,train
8862,train
4428,train
5933,train
8727,train
8812,train
3948,train
1193,train
3309,train
9143,train
840,train
648,train
7124,train
1914,train
7907,train
1322,train
8935,train
1010,train
437,train
7943,train
7125,train
116,train
4837,train
5922,train
6041,train
5198,train
2384,train
2058,train
1626,train
623,train
2504,train
2419,train
4053,train
1803,train
7049,train
7582,train
1444,train
6607,train
6839,train
8584,train
1225,train
3333,train
6766,train
6575,train
6569,train
5588,train
92,train
4171,train
4915,train
2026,train
1063,train
7612,train
5212,train
5513,train
1604,train
8449,train
4524,train
4941,train
7942,train
2576,train
8175,train
6826,train
1723,train
8388,train
873,train
9419,train
2541,train
7308,train
7569,train
5019,train
107,train
7260,train
1639,train
6958,train
1372,train
4532,train
9088,train
1988,train
9823,train
224,train
2803,train
4,train
1216,train
6318,train
2146,train
2403,train
4733,train
3007,train
8200,train
900,train
236,train
2029,train
4205,train
8172,train
665,train
716,train
675,train
2107,train
7664,train
8660,train
9982,train
3056,train
2666,train
9780,train
3781,train
7432,train
7086,train
8166,train
9015,train
2941,train
962,train
5031,train
5365,train
950,train
8314,train
3060,train
4983,train
7320,train
1088,train
8153,train
8770,train
901,train
5306,train
3419,train
3737,train
3024,train
5540,train
8011,train
4087,train
2993,train
6694,train
9860,train
7244,train
7815,train
2052,train
6305,train
7733,train
281,train
4679,train
4394,train
4482,train
2853,train
2197,train
1059,train
70,train
2180,train
8732,train
4137,train
9668,train
4543,train
4636,train
1624,train
885,train
1293,train
7619,train
1568,train
4196,train
38,train
6277,train
9292,train
3609,train
2496,train
8588,train
1394,train
5826,train
2954,train
4699,train
406,train
2359,train
4134,train
5720,train
659,train
308,train
9404,train
9835,train
3543,train
9249,train
8520,train
2824,train
9651,train
1493,train
3002,train
7752,train
985,train
1108,train
4811,train
8635,train
4048,train
442,train
2074,train
402,train
7502,train
4062,train
5880,train
8957,train
7767,train
2488,train
936,train
1087,train
8868,train
2530,train
7277,train
9879,train
5926,train
724,train
112,train
4091,train
9235,train
6143,train
486,train
8484,train
4563,train
7098,train
3617,train
530,train
8458,train
2187,train
7358,train
56,train
5102,train
8600,train
5915,train
1605,train
1930,train
8771,train
9923,train
5521,train
5225,train
122,train
7494,train
2136,train
3192,train
1155,train
6665,train
39,train
6404,train
220,train
6288,train
8683,train
8772,train
4621,train
1596,train
2994,train
4587,train
9420,train
3676,train
4474,train
6228,train
3010,train
2794,train
1670,train
9357,train
3673,train
359,train
3706,train
5584,train
8760,train
9843,train
4031,train
4550,train
1849,train
2991,train
6932,train
2577,train
8504,train
3513,train
6085,train
7209,train
7286,train
2166,train
8419,train
912,train
7266,train
1890,train
5157,train
953,train
5183,train
6835,train
886,train
5686,train
1299,train
5777,train
7212,train
1784,train
7744,train
1924,train
7849,train
5342,train
2294,train
6003,train
9864,train
6394,train
6122,train
5782,train
3326,train
3743,train
2441,train
3130,train
2265,train
7896,train
7043,train
2935,train
3756,train
582,train
6494,train
6110,train
647,train
4066,train
7427,train
6719,train
1387,train
5876,train
7310,train
2741,train
1647,train
438,train
4219,train
9395,train
2756,train
6050,train
5650,train
2931,train
57,train
4358,train
6310,train
6398,train
4824,train
9786,train
3733,train
2381,train
130,train
8491,train
7978,train
5995,train
7032,train
7375,train
3059,train
4605,train
1156,train
3621,train
5309,train
7447,train
7185,train
5220,train
135,train
7498,train
7137,train
2943,train
6525,train
7987,train
1142,train
3417,val
6536,val
4318,val
2281,val
1989,val
5072,val
401,val
6071,val
6448,val
2817,val
5216,val
1551,val
9403,val
6131,val
6941,val
6393,val
560,val
9884,val
860,val
8882,val
4648,val
5399,val
4136,val
6734,val
1468,val
1932,val
8749,val
8717,val
4502,val
1991,val
6388,val
3517,val
9144,val
637,val
5164,val
2791,val
3454,val
2183,val
5021,val
674,val
7371,val
335,val
1404,val
6811,val
2223,val
1720,val
1953,val
9463,val
3000,val
7880,val
4400,val
5390,val
1357,val
2016,val
138,val
559,val
4436,val
9408,val
3746,val
7116,val
9716,val
2418,val
3973,val
58,val
9706,val
8177,val
8304,val
1541,val
1774,val
9489,val
1911,val
5336,val
7174,val
4768,val
9125,val
9967,val
8220,val
9119,val
770,val
7736,val
8726,val
9129,val
1112,val
4557,val
9330,val
7731,val
1908,val
7452,val
9464,val
4706,val
6974,val
417,val
6381,val
2699,val
5998,val
6963,val
5380,val
8027,val
3702,val
8931,val
5712,val
6024,val
2420,val
3304,val
6788,val
6892,val
5695,val
3578,val
7560,val
6690,val
6689,val
7031,val
6838,val
1245,val
6069,val
9045,val
288,val
7734,val
5849,val
7028,val
5431,val
1676,val
3294,val
1983,val
6513,val
9949,val
4370,val
9212,val
4864,val
727,val
4685,val
686,val
1650,val
6374,val
8289,val
9598,val
6610,val
8188,val
4208,val
3660,val
1600,val
9897,val
5300,val
213,val
7487,val
5753,val
4722,val
8270,val
8841,val
6415,val
5676,val
5792,val
3726,val
3709,val
5233,val
4466,val
4660,val
1931,val
6098,val
2247,val
5149,val
4401,val
841,val
1887,val
2538,val
982,val
4052,val
2413,val
5192,val
9639,val
3926,val
6165,val
8024,val
4278,val
7343,val
3984,val
8048,val
6067,val
2521,val
4378,val
5388,val
1997,val
4372,val
7497,val
7169,val
2675,val
3724,val
4673,val
4883,val
4243,val
2140,val
9932,val
5184,val
165,val
5765,val
2667,val
8730,val
1764,val
7683,val
9586,val
5910,val
6738,val
5086,val
9799,val
5209,val
7025,val
752,val
3803,val
8661,val
8737,val
8038,val
3230,val
2245,val
7327,val
6931,val
9735,val
5896,val
3980,val
9925,val
8696,val
4731,val
2714,val
619,val
3265,val
7397,val
4105,val
4430,val
3365,val
515,val
8814,val
4060,val
1827,val
7461,val
4041,val
3820,val
3652,val
3169,val
8774,val
8391,val
460,val
1469,val
8958,val
2295,val
5500,val
1717,val
5074,val
5830,val
259,val
1327,val
9,val
8308,val
964,val
12,val
1879,val
5146,val
2138,val
5136,val
490,val
2325,val
5709,val
7446,val
4772,val
7004,val
6793,val
5091,val
3231,val
9652,val
4625,val
5384,val
8786,val
2661,val
6837,val
7589,val
9308,val
4711,val
3935,val
6997,val
3526,val
5446,val
9691,val
4936,val
8000,val
3001,val
8385,val
4303,val
2339,val
9012,val
472,val
143,val
3228,val
6518,val
7168,val
287,val
2628,val
3936,val
9013,val
8951,val
4132,val
6127,val
8680,val
6643,val
8925,val
5573,val
1878,val
3305,val
729,val
6523,val
4223,val
8219,val
1076,val
125,val
1316,val
595,val
5510,val
2582,val
4093,val
7265,val
8256,val
5727,val
8377,val
4551,val
4501,val
4572,val
3509,val
3923,val
8687,val
6183,val
4767,val
1074,val
7779,val
6190,val
8281,val
3924,val
1376,val
8340,val
1368,val
8668,val
3762,val
6484,val
551,val
3446,val
5875,val
1823,val
9701,val
1535,val
3798,val
8060,val
7617,val
8247,val
7605,val
8599,val
5144,val
8298,val
6025,val
7129,val
5644,val
6881,val
310,val
4355,val
4229,val
6317,val
8722,val
8508,val
8677,val
2696,val
4025,val
4956,val
2743,val
2691,val
4271,val
4216,val
7955,val
2531,val
6509,val
6701,val
5613,val
3694,val
6033,val
775,val
476,val
2163,val
3953,val
8712,val
7899,val
1554,val
4324,val
1378,val
499,val
3178,val
6790,val
4142,val
3641,val
1453,val
9338,val
4082,val
8321,val
5414,val
9025,val
2928,val
3353,val
5484,val
3990,val
806,val
768,val
9050,val
4281,val
3287,val
9155,val
7827,val
8285,val
457,val
4381,val
6217,val
3642,val
9189,val
1607,val
5711,val
24,val
3867,val
3670,val
508,val
9000,val
3189,val
5894,val
1891,val
8836,val
5003,val
7515,val
8242,val
5544,val
1119,val
5459,val
8984,val
9131,val
2300,val
1369,val
6005,val
710,val
5643,val
5549,val
2736,val
967,val
5366,val
6620,val
7248,val
2820,val
7144,val
8962,val
6715,val
2542,val
6995,val
2529,val
9615,val
8597,val
6519,val
5842,val
8318,val
3699,val
9744,val
4188,val
301,val
1897,val
1668,val
9063,val
3086,val
2431,val
1037,val
8567,val
3983,val
6103,val
3895,val
2793,val
1816,val
920,val
9766,val
7387,val
9225,val
8519,val
7011,val
8239,val
7176,val
1447,val
8337,val
4424,val
5822,val
3613,val
6920,val
6225,val
3650,val
2320,val
2685,val
8613,val
1049,val
3381,val
1028,val
9051,val
3708,val
2806,val
7414,val
4751,val
3383,val
6627,val
4334,val
2266,val
1956,val
5143,val
365,val
6170,val
6547,val
2767,val
5322,val
1520,val
9411,val
6239,val
7027,val
6479,val
578,val
9871,val
856,val
8906,val
4678,val
5467,val
4183,val
6843,val
1423,val
1868,val
8780,val
8751,val
4549,val
1959,val
6475,val
3521,val
9177,val
666,val
5269,val
2742,val
3442,val
2168,val
5080,val
692,val
7429,val
267,val
1342,val
6919,val
2208,val
1677,val
1894,val
9451,val
2976,val
7926,val
4412,val
5460,val
1295,val
1994,val
113,val
574,val
4473,val
9417,val
3776,val
7171,val
9715,val
2401,val
3993,val
42,val
9705,val
8237,val
8368,val
1508,val
1735,val
9478,val
1846,val
5411,val
7229,val
4818,val
9154,val
9956,val
8283,val
9147,val
773,val
7778,val
8759,val
9158,val
1045,val
4607,val
9333,val
7764,val
1843,val
7503,val
9452,val
4745,val
7051,val
385,val
6467,val
2631,val
6078,val
7044,val
5453,val
8068,val
3714,val
8954,val
5780,val
6105,val
2404,val
3267,val
6896,val
6989,val
5756,val
3595,val
7626,val
6784,val
6781,val
7095,val
6946,val
1167,val
6169,val
9085,val
234,val
7773,val
5889,val
7093,val
5491,val
1638,val
3256,val
1941,val
6604,val
9937,val
4385,val
9240,val
4903,val
725,val
4718,val
698,val
1615,val
6458,val
8356,val
9579,val
6700,val
8245,val
4266,val
3679,val
1575,val
9890,val
5385,val
175,val
7550,val
5811,val
4763,val
8335,val
8878,val
6506,val
5737,val
5848,val
3744,val
3719,val
5332,val
4515,val
4687,val
1867,val
6193,val
2238,val
5252,val
4415,val
838,val
1819,val
2491,val
939,val
4085,val
2400,val
5305,val
9636,val
3956,val
6266,val
8063,val
4313,val
7403,val
4007,val
8085,val
6166,val
2481,val
4390,val
5458,val
1964,val
4388,val
7561,val
7223,val
2612,val
3739,val
4704,val
4914,val
4294,val
2113,val
9914,val
5289,val
146,val
5825,val
2606,val
8763,val
1724,val
7717,val
9565,val
5965,val
6845,val
5181,val
9788,val
5320,val
7092,val
750,val
3830,val
8678,val
8775,val
8074,val
3184,val
2234,val
7388,val
7017,val
9725,val
5950,val
4004,val
9905,val
8728,val
4775,val
2650,val
652,val
3216,val
7451,val
4145,val
4456,val
3335,val
527,val
8855,val
4097,val
1782,val
7529,val
4073,val
3855,val
3666,val
3125,val
8807,val
8446,val
434,val
1427,val
8985,val
2278,val
5541,val
1673,val
5151,val
5879,val
212,val
1257,val
5,val
8373,val
924,val
11,val
1812,val
5249,val
2111,val
5237,val
482,val
2310,val
5778,val
7499,val
4821,val
7071,val
6902,val
5190,val
3187,val
9661,val
4663,val
5454,val
8821,val
2600,val
6945,val
7653,val
9315,val
4749,val
3965,val
7067,val
3523,val
5503,val
9687,val
4955,val
8032,val
2977,val
8441,val
4326,val
2341,val
9055,val
456,val
120,val
3182,val
6606,val
7217,val
233,val
2570,val
3966,val
9058,val
8974,val
4176,val
6231,val
8709,val
6736,val
8941,val
5612,val
1811,val
3270,val
730,val
6618,val
4277,val
8279,val
1025,val
102,val
1236,val
625,val
5551,val
2526,val
4131,val
7315,val
8325,val
5791,val
8436,val
4598,val
4548,val
4618,val
3507,val
3954,val
8719,val
6276,val
4816,val
1021,val
7826,val
6285,val
8350,val
3955,val
1307,val
8410,val
1301,val
8694,val
3792,val
6585,val
570,val
3429,val
5925,val
1778,val
9702,val
1505,val
3827,val
8113,val
7671,val
8310,val
7663,val
8614,val
5247,val
8364,val
6108,val
7188,val
5694,val
6984,val
255,val
4369,val
4283,val
6396,val
8753,val
8534,val
8706,val
2630,val
4056,val
4977,val
2678,val
2625,val
4312,val
4274,val
7976,val
2489,val
6599,val
6803,val
5651,val
3704,val
6120,val
780,val
461,val
2152,val
3978,val
8746,val
7940,val
1526,val
4339,val
1310,val
502,val
3126,val
6899,val
4186,val
3655,val
1409,val
9337,val
4116,val
8386,val
5479,val
9068,val
2901,val
3327,val
5534,val
4010,val
812,val
771,val
9092,val
4314,val
3249,val
9185,val
7879,val
8353,val
432,val
4392,val
6313,val
3658,val
9214,val
1581,val
5779,val
19,val
3907,val
3684,val
517,val
9036,val
3143,val
5944,val
1826,val
8873,val
5045,val
7588,val
8306,val
5582,val
1051,val
5514,val
9019,val
9161,val
2284,val
1303,val
6083,val
719,val
5693,val
5593,val
2671,val
928,val
5439,val
6706,val
7303,val
2769,val
7195,val
8986,val
6807,val
2494,val
7062,val
2486,val
9617,val
8602,val
6612,val
5885,val
8381,val
3712,val
9734,val
4242,val
247,val
1834,val
1631,val
9103,val
3050,val
2422,val
986,val
8573,val
4006,val
6201,val
3934,val
2744,val
1770,val
904,val
9757,val
7445,val
9251,val
8548,val
7079,val
8302,val
7231,val
1400,val
8404,val
4446,val
5867,val
3625,val
7005,val
6321,val
3663,val
2302,val
2619,val
8636,val
1000,val
3344,val
974,val
9093,val
3718,val
2752,val
7470,val
4796,val
6429,test
3109,test
2446,test
5310,test
5958,test
2387,test
3113,test
6550,test
6609,test
5049,test
1935,test
8657,test
1488,test
2321,test
6537,test
5937,test
4292,test
2137,test
5174,test
2337,test
6403,test
7247,test
5860,test
8973,test
6223,test
323,test
7126,test
5548,test
1454,test
3635,test
4995,test
8704,test
8311,test
789,test
9675,test
8975,test
2758,test
9101,test
1230,test
7878,test
5799,test
4631,test
7505,test
6824,test
7684,test
8235,test
9169,test
4258,test
3165,test
8135,test
2252,test
5558,test
5912,test
4998,test
6869,test
1381,test
5592,test
6649,test
1480,test
824,test
6237,test
3048,test
1671,test
6489,test
7935,test
1264,test
249,test
836,test
6099,test
3276,test
9908,test
8336,test
5762,test
9342,test
4143,test
1524,test
5060,test
7917,test
6699,test
8191,test
4870,test
8742,test
2143,test
7805,test
6951,test
5444,test
7985,test
3162,test
4829,test
7463,test
9268,test
3396,test
1725,test
7057,test
1818,test
9170,test
660,test
5655,test
6128,test
2724,test
2035,test
5617,test
3285,test
4971,test
7439,test
6457,test
9256,test
4121,test
8893,test
9774,test
3289,test
4946,test
4506,test
5898,test
9470,test
6073,test
4252,test
6184,test
9460,test
8067,test
6667,test
5455,test
6972,test
3379,test
8477,test
6238,test
4568,test
1203,test
2951,test
8115,test
6640,test
9149,test
7322,test
1161,test
5669,test
1053,test
2169,test
3346,test
2028,test
3847,test
2312,test
5654,test
254,test
1500,test
9614,test
7325,test
1685,test
270,test
9709,test
9482,test
1309,test
8927,test
8713,test
8255,test
1996,test
1776,test
10,test
6058,test
6195,test
5270,test
4973,test
7690,test
3439,test
2307,test
6474,test
1191,test
7508,test
7449,test
8267,test
1729,test
3951,test
5530,test
2336,test
1967,test
5362,test
8979,test
7672,test
4719,test
8207,test
8234,test
5883,test
1075,test
4895,test
3674,test
1113,test
5590,test
8674,test
6311,test
1583,test
8093,test
2850,test
5047,test
344,test
5986,test
3394,test
5770,test
9906,test
7710,test
5436,test
3775,test
1181,test
3632,test
4114,test
290,test
6748,test
6613,test
9975,test
5923,test
1979,test
4576,test
395,test
2291,test
1420,test
9576,test
1248,test
8545,test
594,test
6791,test
9641,test
2135,test
5093,test
9992,test
2147,test
5022,test
4403,test
2510,test
41,test
6186,test
9274,test
1651,test
6095,test
9581,test
1946,test
463,test
6662,test
4965,test
1166,test
6817,test
3405,test
2108,test
6833,test
9121,test
1936,test
9974,test
5440,test
9813,test
9479,test
9644,test
2448,test
3079,test
7965,test
2637,test
9789,test
350,test
8108,test
1942,test
7547,test
6427,test
5707,test
7519,test
8845,test
5902,test
4395,test
218,test
5082,test
6329,test
506,test
7824,test
8366,test
2909,test
3308,test
9358,test
9453,test
7972,test
3409,test
6341,test
8989,test
2318,test
4486,test
3386,test
6301,test
4096,test
8155,test
6160,test
9072,test
7420,test
4086,test
7264,test
9861,test
1279,test
523,test
6692,test
8098,test
3596,test
9480,test
9988,test
4747,test
3897,test
5924,test
999,test
3677,test
3469,test
5790,test
6399,test
334,test
3958,test
2763,test
5606,test
1351,test
3583,test
5006,test
6757,test
8556,test
2305,test
6496,test
1250,test
7138,test
3846,test
411,test
5840,test
4633,test
8761,test
1549,test
8980,test
8406,test
6463,test
420,test
6983,test
3466,test
5535,test
3424,test
6883,test
1730,test
9481,test
8168,test
4307,test
1419,test
9899,test
5966,test
7362,test
3290,test
6856,test
7135,test
2608,test
9316,test
3700,test
7500,test
6553,test
9828,test
7460,test
6831,test
3987,test
1361,test
9575,test
7465,test
8809,test
9491,test
1441,test
2591,test
5301,test
8040,test
2649,test
4458,test
6551,test
4057,test
3082,test
3345,test
9876,test
9919,test
7228,test
5347,test
6075,test
3219,test
5427,test
5189,test
6274,test
6580,test
3451,test
2132,test
9258,test
6438,test
3378,test
3515,test
8344,test
1171,test
5562,test
1749,test
2984,test
428,test
8966,test
1761,test
8977,test
1035,test
2063,test
7657,test
5340,test
3164,test
5529,test
5433,test
1625,test
7267,test
4890,test
9186,test
6155,test
9752,test
415,test
6149,test
4534,test
7096,test
8939,test
9007,test
782,test
3004,test
5349,test
4042,test
5097,test
141,test
7754,test
4109,test
1009,test
757,test
9720,test
7975,test
9782,test
2161,test
1780,test
663,test
2037,test
2581,test
7562,test
9079,test
6638,test
9827,test
2003,test
3949,test
8596,test
353,test
9603,test
3018,test
7661,test
5171,test
6862,test
2050,test
6104,test
7857,test
3195,test
3889,test
6260,test
74,test
8013,test
1564,test
5081,test
2968,test
2755,test
5170,test
5630,test
4064,test
489,test
4106,test
4712,test
1241,test
4850,test
5747,test
1328,test
7766,test
7080,test
6370,test
3081,test
2561,test
3783,test
9312,test
5975,test
5437,test
394,test
3604,test
1971,test
5463,test
4076,test
5083,test
2174,test
976,test
5775,test
9690,test
8209,test
6730,test
9091,test
2374,test
4843,test
4764,test
1553,test
3393,test
295,test
5814,test
6303,test
6830,test
8832,test
963,test
6136,test
7512,test
1740,test
6526,test
3063,test
2433,test
5401,test
6030,test
2379,test
3066,test
6651,test
6698,test
5121,test
1870,test
8671,test
1446,test
2304,test
6633,test
6001,test
4320,test
2110,test
5280,test
2334,test
6492,test
7300,test
5900,test
9003,test
6320,test
263,test
7186,test
5589,test
1412,test
3645,test
5034,test
8741,test
8374,test
797,test
9672,test
9009,test
2698,test
9127,test
1149,test
7925,test
5851,test
4665,test
7570,test
6933,test
7724,test
8297,test
9196,test
4302,test
3123,test
8186,test
2240,test
5597,test
5972,test
5040,test
6973,test
1312,test
5640,test
6743,test
1435,test
826,test
6334,test
3016,test
1635,test
6586,test
7957,test
1192,test
204,test
835,test
6194,test
3233,test
9898,test
8403,test
5819,test
9346,test
4192,test
1486,test
5139,test
7951,test
6801,test
8246,test
4904,test
8776,test
2121,test
7858,test
7036,test
5502,test
8016,test
3110,test
4873,test
7533,test
9290,test
3359,test
1680,test
7120,test
1771,test
9197,test
680,test
5713,test
6232,test
2663,test
2030,test
5661,test
3247,test
4989,test
7488,test
6558,test
9279,test
4168,test
8912,test
9761,test
3251,test
4968,test
4558,test
5951,test
9456,test
6172,test
4300,test
6278,test
9447,test
8118,test
6753,test
5512,test
7050,test
3343,test
8518,test
6339,test
4613,test
1122,test
2932,test
8169,test
6726,test
9182,test
7379,test
1089,test
5729,test
1003,test
2157,test
3321,test
2014,test
3886,test
2290,test
5710,test
209,test
1461,test
9612,test
7384,test
1641,test
219,test
9707,test
9472,test
1232,test
8942,test
8748,test
8322,test
1962,test
1736,test
6,test
6162,test
6287,test
5364,test
4992,test
7729,test
3418,test
2288,test
6572,test
1111,test
7574,test
7501,test
8330,test
1683,test
3974,test
5571,test
2333,test
1909,test
5435,test
9014,test
7713,test
4760,test
8261,test
8294,test
5932,test
1024,test
4921,test
3690,test
1047,test
5634,test
8701,test
6390,test
1557,test
8140,test
2795,test
5117,test
278,test
6063,test
3358,test
5831,test
9895,test
7745,test
5495,test
3810,test
1103,test
3640,test
4157,test
235,test
6850,test
6703,test
9968,test
5985,test
1934,test
4626,test
352,test
2276,test
1366,test
9548,test
1170,test
8561,test
624,test
6900,test
9645,test
2105,test
5193,test
9986,test
2124,test
5085,test
4416,test
2476,test
32,test
6283,test
9294,test
1616,test
6192,test
9558,test
1880,test
435,test
6751,test
4982,test
1092,test
6926,test
3369,test
2080,test
6943,test
9150,test
1871,test
9966,test
5498,test
9803,test
9465,test
9653,test
2435,test
3044,test
7991,test
2574,test
9778,test
286,test
8161,test
1874,test
7615,test
6521,test
5774,test
7593,test
8883,test
5953,test
4408,test
180,test
5178,test
6410,test
514,test
7876,test
8431,test
2869,test
3272,test
9372,test
9445,test
7997,test
3373,test
6424,test
9020,test
2301,test
4538,test
3350,test
6378,test
4138,test
8206,test
6264,test
9110,test
7474,test
4118,test
7312,test
9849,test
1206,test
531,test
6786,test
8147,test
3614,test
9467,test
9984,test
4795,test
3938,test
5987,test
952,test
3692,test
3473,test
5846,test
6487,test
266,test
3985,test
2706,test
5647,test
1290,test
3599,test
5053,test
6855,test
8570,test
2287,test
6593,test
1178,test
7193,test
3884,test
375,test
5882,test
4669,test
8798,test
1517,test
9016,test
8465,test
6563,test
389,test
7058,test
3468,test
5579,test
3395,test
6986,test
1686,test
9468,test
8223,test
4332,test
1365,test
9893,test
6042,test
7421,test
3253,test
6959,test
7192,test
2556,test
9323,test
3713,test
7563,test
6656,test
9821,test
7527,test
6942,test
4008,test
1297,test
9547,test
7536,test
8849,test
9484,test
1393,test
2537,test
5389,test
8078,test
2586,test
4496,test
6653,test
4095,test
3046,test
3319,test
9866,test
9903,test
7282,test
5419,test
6174,test
3172,test
5488,test
5302,test
6355,test
6676,test
3437,test
2104,test
9283,test
6539,test
3342,test
3518,test
8414,test
1093,test
5602,test
1704,test
2961,test
399,test
8988,test
1719,test
9010,test
979,test
2051,test
7700,test
5416,test
3117,test
5570,test
5492,test
1598,test
7317,test
4920,test
9211,test
6257,test
9749,test
382,test
6252,test
4581,test
7149,test
8961,test
9052,test
787,test
2979,test
5424,test
4075,test
5196,test
115,test
7794,test
4149,test
957,test
762,test
9719,test
8003,test
9768,test
2144,test
1738,test
682,test
2031,test
2525,test
7627,test
9113,test
6724,test
9819,test
1975,test
3972,test
8595,test
289,test
9590,test
2987,test
7707,test
5276,test
6966,test
2041,test
6202,test
7913,test
3151,test
3930,test
6348,test
63,test
8052,test
1538,test
5169,test
2944,test
2695,test
5275,test
5681,test
4099,test
479,test
4148,test
4750,test
1157,test
4891,test
5806,test
1259,test
7803,test
7140,test
6452,test
3045,test
2513,test
3816,test
9321,test
6055,test
5497,test
351,test
3619,test
1921,test
5517,test
4113,test
5179,test
2158,test
932,test
5834,test
9686,test
8264,test
6832,test
9122,test
2369,test
4884,test
4810,test
1523,test
3356,test
240,test
5858,test
6379,test
6939,test
8869,test
923,test
6242,test
7578,test
1696,test
